-- phpMyAdmin SQL Dump
-- version 5.2.1
-- https://www.phpmyadmin.net/
--
-- Hôte : 127.0.0.1
-- Généré le : mer. 13 sep. 2023 à 21:56
-- Version du serveur : 10.4.28-MariaDB
-- Version de PHP : 8.2.4

SET SQL_MODE = "NO_AUTO_VALUE_ON_ZERO";
START TRANSACTION;
SET time_zone = "+00:00";


/*!40101 SET @OLD_CHARACTER_SET_CLIENT=@@CHARACTER_SET_CLIENT */;
/*!40101 SET @OLD_CHARACTER_SET_RESULTS=@@CHARACTER_SET_RESULTS */;
/*!40101 SET @OLD_COLLATION_CONNECTION=@@COLLATION_CONNECTION */;
/*!40101 SET NAMES utf8mb4 */;

--
-- Base de données : `laravel_api_db`
--

-- --------------------------------------------------------

--
-- Structure de la table `customers`
--

CREATE TABLE `customers` (
  `id` bigint(20) UNSIGNED NOT NULL,
  `name` varchar(255) NOT NULL,
  `type` varchar(255) NOT NULL,
  `address` varchar(255) NOT NULL,
  `city` varchar(255) NOT NULL,
  `postal_code` varchar(255) NOT NULL,
  `created_at` timestamp NULL DEFAULT NULL,
  `updated_at` timestamp NULL DEFAULT NULL
) ENGINE=InnoDB DEFAULT CHARSET=utf8mb4 COLLATE=utf8mb4_unicode_ci;

--
-- Déchargement des données de la table `customers`
--

INSERT INTO `customers` (`id`, `name`, `type`, `address`, `city`, `postal_code`, `created_at`, `updated_at`) VALUES
(1, 'Emmy Kuphal', 'Individual', '619 Laurence Fields', 'Port Tad', '88317-9176', '2023-09-13 11:32:02', '2023-09-13 11:32:02'),
(2, 'Stehr-Sauer', 'Company', '8712 Kendall Keys Apt. 975', 'West Alvastad', '91535', '2023-09-13 11:32:02', '2023-09-13 11:32:02'),
(3, 'Casimer Stoltenberg', 'Individual', '1190 Cedrick Crossing', 'North Percy', '82611', '2023-09-13 11:32:03', '2023-09-13 11:32:03'),
(4, 'Bonita Simonis', 'Individual', '422 Bradtke Roads Apt. 244', 'Stammburgh', '10284-0788', '2023-09-13 11:32:03', '2023-09-13 11:32:03'),
(5, 'Evelyn Dibbert', 'Individual', '9563 Zack Pines Suite 703', 'Americafurt', '56559', '2023-09-13 11:32:03', '2023-09-13 11:32:03'),
(6, 'Ledner LLC', 'Company', '8924 Zboncak Way Apt. 563', 'Port Christian', '40015-2043', '2023-09-13 11:32:03', '2023-09-13 11:32:03'),
(7, 'Kuvalis LLC', 'Company', '7832 Winnifred Center Apt. 886', 'Kimmouth', '24966', '2023-09-13 11:32:03', '2023-09-13 11:32:03'),
(8, 'Prof. Damien Hodkiewicz PhD', 'Individual', '9954 Greta Dam Apt. 880', 'Fredfort', '61563', '2023-09-13 11:32:03', '2023-09-13 11:32:03'),
(9, 'Braun PLC', 'Company', '269 Mason Falls', 'North Eliza', '83254-1805', '2023-09-13 11:32:03', '2023-09-13 11:32:03'),
(10, 'Keeling LLC', 'Company', '8423 Cruickshank Landing Apt. 688', 'Creminport', '45380-9217', '2023-09-13 11:32:03', '2023-09-13 11:32:03'),
(11, 'Prof. Kay O\'Kon', 'Individual', '21862 Albina Plaza', 'Considinefort', '51841', '2023-09-13 11:32:03', '2023-09-13 11:32:03'),
(12, 'Rath, Homenick and Carter', 'Company', '5626 Jodie Lakes Suite 438', 'Revachester', '10143-4420', '2023-09-13 11:32:03', '2023-09-13 11:32:03'),
(13, 'Kuvalis, Adams and D\'Amore', 'Company', '884 Effertz Ramp Apt. 454', 'Kayleyport', '97639-8137', '2023-09-13 11:32:03', '2023-09-13 11:32:03'),
(14, 'Tabitha Barrows', 'Individual', '6719 Beier Shoal Apt. 753', 'Bashirianbury', '66704', '2023-09-13 11:32:03', '2023-09-13 11:32:03'),
(15, 'Everette Ratke', 'Individual', '868 Moses Road', 'Port Zion', '97314', '2023-09-13 11:32:03', '2023-09-13 11:32:03'),
(16, 'Prof. Kathlyn Bins MD', 'Individual', '7333 Hamill Neck Suite 081', 'Rauton', '42178-6554', '2023-09-13 11:32:04', '2023-09-13 11:32:04'),
(17, 'Padberg LLC', 'Company', '35803 Cartwright Field', 'Vilmashire', '81213', '2023-09-13 11:32:04', '2023-09-13 11:32:04'),
(18, 'Moen, Halvorson and Schimmel', 'Company', '360 Deckow Pine', 'Kassulkemouth', '88918', '2023-09-13 11:32:04', '2023-09-13 11:32:04'),
(19, 'Treutel-Schoen', 'Company', '523 Stanton Walks', 'Larryside', '05641', '2023-09-13 11:32:04', '2023-09-13 11:32:04'),
(20, 'Rossie Fadel', 'Individual', '56207 Boris Streets', 'New Augustinehaven', '85442-9762', '2023-09-13 11:32:04', '2023-09-13 11:32:04'),
(21, 'Mr. Miguel Jacobson', 'Individual', '78172 Theresa Path', 'Oberbrunnershire', '24138-5555', '2023-09-13 11:32:04', '2023-09-13 11:32:04'),
(22, 'Sanford-Rogahn', 'Company', '525 Floyd Burg Apt. 812', 'Port Adelleville', '69232', '2023-09-13 11:32:04', '2023-09-13 11:32:04'),
(23, 'Cummings, Kshlerin and Stehr', 'Company', '627 Antonio Mount Apt. 920', 'North Tracey', '17044', '2023-09-13 11:32:04', '2023-09-13 11:32:04'),
(24, 'Agustina Borer III', 'Individual', '742 Delilah Shoals', 'Danykamouth', '22218-5924', '2023-09-13 11:32:04', '2023-09-13 11:32:04'),
(25, 'Stanton-Feil', 'Company', '64863 Dooley Mall Apt. 237', 'North Alisonport', '18833-6814', '2023-09-13 11:32:04', '2023-09-13 11:32:04'),
(26, 'Asia Dare', 'Individual', '45711 Kendall Wall Apt. 886', 'Hoppeberg', '01100-9130', '2023-09-13 11:32:04', '2023-09-13 11:32:04'),
(27, 'Hillary Schamberger', 'Individual', '4756 Renner Rapids Suite 961', 'Vivianshire', '36904-3338', '2023-09-13 11:32:04', '2023-09-13 11:32:04'),
(28, 'Mraz, Mohr and Anderson', 'Company', '772 Johanna Harbors Suite 516', 'North Gavin', '57229-4142', '2023-09-13 11:32:04', '2023-09-13 11:32:04'),
(29, 'West Inc', 'Company', '1449 Boehm Fall', 'South Myrtleborough', '81468-6405', '2023-09-13 11:32:04', '2023-09-13 11:32:04'),
(30, 'Marvin, Ledner and Kassulke', 'Company', '2086 Wilfred Freeway', 'Ziemeville', '49396-2547', '2023-09-13 11:32:05', '2023-09-13 11:32:05'),
(31, 'Kathleen Nolan', 'Individual', '58110 Bridie Path', 'Larissabury', '01371', '2023-09-13 11:32:05', '2023-09-13 11:32:05'),
(32, 'Aditya Swift', 'Individual', '635 Garett Tunnel Suite 096', 'Lake Corrine', '92240-8430', '2023-09-13 11:32:05', '2023-09-13 11:32:05'),
(33, 'Mr. Merl O\'Reilly', 'Individual', '24879 Alvera Mountains Suite 660', 'East Antoniettaburgh', '54150-8785', '2023-09-13 11:32:05', '2023-09-13 11:32:05'),
(34, 'Piper Hahn', 'Individual', '217 Jalon Unions Apt. 704', 'North Koleton', '85486-8417', '2023-09-13 11:32:05', '2023-09-13 11:32:05'),
(35, 'Mr. Easter Rice MD', 'Individual', '489 King Shore', 'Gleichnerton', '91577-6745', '2023-09-13 11:32:05', '2023-09-13 11:32:05'),
(36, 'Miss Princess Stracke', 'Individual', '47446 Gleason Prairie Apt. 757', 'East Jordy', '56841', '2023-09-13 11:32:05', '2023-09-13 11:32:05'),
(37, 'Michelle Larson', 'Individual', '10338 Nolan Road', 'Jaylanchester', '64507-7744', '2023-09-13 11:32:05', '2023-09-13 11:32:05'),
(38, 'Reynolds, Bogan and Olson', 'Company', '80069 Melyssa Trail Apt. 918', 'North Toy', '39102', '2023-09-13 11:32:05', '2023-09-13 11:32:05'),
(39, 'Bashirian, Osinski and Krajcik', 'Company', '939 Ebert Parkway', 'South Maye', '36212-1345', '2023-09-13 11:32:05', '2023-09-13 11:32:05'),
(40, 'Robbie Bruen', 'Individual', '8685 Batz Plaza', 'Greenholtville', '22977', '2023-09-13 11:32:05', '2023-09-13 11:32:05'),
(41, 'Prof. Myrtie Corkery', 'Individual', '3668 Lamont Dale Suite 508', 'Emmerichborough', '60752', '2023-09-13 11:32:05', '2023-09-13 11:32:05'),
(42, 'Pagac, Emard and Pollich', 'Company', '87645 Will Harbors Suite 801', 'Niaside', '33865', '2023-09-13 11:32:05', '2023-09-13 11:32:05'),
(43, 'Rosalyn Stark', 'Individual', '70350 Borer Trace Suite 920', 'Port Aurelio', '96668', '2023-09-13 11:32:05', '2023-09-13 11:32:05'),
(44, 'Wanda Kessler', 'Individual', '81962 Herman Pines', 'Port Tristian', '37639', '2023-09-13 11:32:05', '2023-09-13 11:32:05'),
(45, 'King-Haley', 'Company', '4008 Patricia Bridge Suite 344', 'South Rowanside', '27810-9373', '2023-09-13 11:32:05', '2023-09-13 11:32:05'),
(46, 'Jason Bernhard III', 'Individual', '7888 O\'Hara Pines Suite 582', 'Skyeton', '91912-4182', '2023-09-13 11:32:05', '2023-09-13 11:32:05'),
(47, 'Mrs. Ivy DuBuque DVM', 'Individual', '865 Alexandrine Parkways Suite 457', 'Virginieberg', '00097-4827', '2023-09-13 11:32:05', '2023-09-13 11:32:05'),
(48, 'Haley-Stoltenberg', 'Company', '2763 Osinski Cliffs Apt. 049', 'New Antwan', '35621-5927', '2023-09-13 11:32:05', '2023-09-13 11:32:05'),
(49, 'Pacocha Ltd', 'Company', '9058 Thora Forest Suite 934', 'South Jason', '82953', '2023-09-13 11:32:05', '2023-09-13 11:32:05'),
(50, 'Douglas-O\'Keefe', 'Company', '48732 Junius Village Suite 395', 'North Monserrat', '01729', '2023-09-13 11:32:05', '2023-09-13 11:32:05'),
(51, 'Prof. Lennie Rath', 'Individual', '51054 Conn Trail', 'Gradyton', '59173', '2023-09-13 11:32:06', '2023-09-13 11:32:06'),
(52, 'Wuckert, Hegmann and Murphy', 'Company', '86999 Rashawn Lodge', 'South Camilaburgh', '98672', '2023-09-13 11:32:06', '2023-09-13 11:32:06'),
(53, 'Tromp Ltd', 'Company', '146 Odie Viaduct', 'Klockoborough', '80522', '2023-09-13 11:32:06', '2023-09-13 11:32:06'),
(54, 'Mckenna Rempel', 'Individual', '88294 Esther Trail', 'Lakinborough', '46145-9152', '2023-09-13 11:32:06', '2023-09-13 11:32:06'),
(55, 'Auer LLC', 'Company', '3239 Lonie Ramp Suite 061', 'Port Dominiquebury', '02969-8012', '2023-09-13 11:32:06', '2023-09-13 11:32:06'),
(56, 'Weber, Kohler and Bode', 'Company', '4606 Tobin Keys Suite 401', 'Schulistmouth', '12933', '2023-09-13 11:32:06', '2023-09-13 11:32:06'),
(57, 'Retha Shields', 'Individual', '6170 Crona Glens', 'North Maximillia', '38631', '2023-09-13 11:32:06', '2023-09-13 11:32:06'),
(58, 'Valerie Stark PhD', 'Individual', '6650 Ruthie Brook Apt. 295', 'New Faustinotown', '90031-9581', '2023-09-13 11:32:06', '2023-09-13 11:32:06'),
(59, 'Williamson-Kuphal', 'Company', '27321 Sister Circle', 'New Jerrod', '41508', '2023-09-13 11:32:06', '2023-09-13 11:32:06'),
(60, 'Windler PLC', 'Company', '60335 Martina Points Apt. 895', 'West Lorena', '77422', '2023-09-13 11:32:06', '2023-09-13 11:32:06'),
(61, 'Zboncak-Stehr', 'Company', '600 Devin Pines Apt. 147', 'Lake Mary', '87200', '2023-09-13 11:32:06', '2023-09-13 11:32:06'),
(62, 'Trantow Inc', 'Company', '528 Jennifer Centers Suite 587', 'South Juliet', '33777-6919', '2023-09-13 11:32:06', '2023-09-13 11:32:06'),
(63, 'Prof. Devyn Lemke PhD', 'Individual', '4369 McLaughlin Club Suite 376', 'Brandychester', '32301', '2023-09-13 11:32:06', '2023-09-13 11:32:06'),
(64, 'Prof. Geovanny Boehm', 'Individual', '791 Johnston Junctions Apt. 798', 'West Kamronview', '27103', '2023-09-13 11:32:06', '2023-09-13 11:32:06'),
(65, 'Mante-Flatley', 'Company', '500 Lindgren Street Suite 242', 'Bahringerville', '46143', '2023-09-13 11:32:06', '2023-09-13 11:32:06'),
(66, 'Witting LLC', 'Company', '451 Kovacek Lane Suite 575', 'Jerdefort', '06493-5514', '2023-09-13 11:32:06', '2023-09-13 11:32:06'),
(67, 'Kassulke-Wyman', 'Company', '97602 Nathan Station Suite 625', 'Blockfort', '12564', '2023-09-13 11:32:06', '2023-09-13 11:32:06'),
(68, 'Prof. Triston Walker', 'Individual', '1843 Ethelyn Loop', 'Luettgenland', '38110', '2023-09-13 11:32:06', '2023-09-13 11:32:06'),
(69, 'Marlene Runolfsson', 'Individual', '56459 Melody Track Apt. 606', 'Schmittside', '43930', '2023-09-13 11:32:06', '2023-09-13 11:32:06'),
(70, 'Hermiston-Ziemann', 'Company', '97425 Wanda Shoal', 'Larsonview', '48734-4778', '2023-09-13 11:32:06', '2023-09-13 11:32:06'),
(71, 'Lubowitz-Kihn', 'Company', '2079 Esmeralda Rapid', 'New Paolo', '90636-3279', '2023-09-13 11:32:06', '2023-09-13 11:32:06'),
(72, 'Miss Laisha Frami Sr.', 'Individual', '1019 Brice Throughway Apt. 368', 'Bergnaummouth', '72971-5623', '2023-09-13 11:32:06', '2023-09-13 11:32:06'),
(73, 'Mrs. Cassandra O\'Kon', 'Individual', '27401 Sabrina Passage', 'Port Freda', '32549', '2023-09-13 11:32:07', '2023-09-13 11:32:07'),
(74, 'Bette Kozey', 'Individual', '8099 Hansen Village Apt. 526', 'Alanishaven', '72072', '2023-09-13 11:32:07', '2023-09-13 11:32:07'),
(75, 'Rath LLC', 'Company', '38740 Goldner Land Suite 046', 'West Merlin', '53590', '2023-09-13 11:32:07', '2023-09-13 11:32:07'),
(76, 'Braden Raynor PhD', 'Individual', '405 Quigley Roads Suite 796', 'Octaviaview', '09096', '2023-09-13 11:32:07', '2023-09-13 11:32:07'),
(77, 'Mr. Jamar Boyer', 'Individual', '82832 Meta Walks', 'West Hassan', '57569-9538', '2023-09-13 11:32:07', '2023-09-13 11:32:07'),
(78, 'Cecelia Hoeger I', 'Individual', '8267 Paucek Extensions Suite 516', 'Weissnatborough', '89604', '2023-09-13 11:32:07', '2023-09-13 11:32:07'),
(79, 'Dr. Liam Reilly', 'Individual', '314 Domenico Neck', 'Reinholdfurt', '00999-5105', '2023-09-13 11:32:07', '2023-09-13 11:32:07'),
(80, 'Graham PLC', 'Company', '489 Adelia Skyway Apt. 590', 'Murazikfurt', '04468', '2023-09-13 11:32:07', '2023-09-13 11:32:07'),
(81, 'Schmidt-Murazik', 'Company', '827 Myriam Place', 'Elysemouth', '51506-4360', '2023-09-13 11:32:07', '2023-09-13 11:32:07'),
(82, 'Jacobs Inc', 'Company', '1728 Rogelio Isle Suite 842', 'Justinefurt', '97475-6636', '2023-09-13 11:32:07', '2023-09-13 11:32:07'),
(83, 'Kshlerin-Lang', 'Company', '707 Helene Mill', 'North Kenton', '10443', '2023-09-13 11:32:07', '2023-09-13 11:32:07'),
(84, 'Ankunding-Swaniawski', 'Company', '307 Aleen Mall', 'Rutheport', '84070', '2023-09-13 11:32:07', '2023-09-13 11:32:07'),
(85, 'Dr. Skylar Runolfsson', 'Individual', '45899 Luigi Circles Apt. 119', 'Imaniville', '37411-0279', '2023-09-13 11:32:07', '2023-09-13 11:32:07'),
(86, 'Zulauf-Maggio', 'Company', '82276 Kling Canyon Apt. 970', 'New Ashahaven', '05318', '2023-09-13 11:32:07', '2023-09-13 11:32:07'),
(87, 'Franecki PLC', 'Company', '1122 Alexane Common', 'Deionfurt', '94218-0264', '2023-09-13 11:32:07', '2023-09-13 11:32:07'),
(88, 'Albin Jenkins', 'Individual', '8490 Vella Drive', 'West Mercedes', '58944-2637', '2023-09-13 11:32:07', '2023-09-13 11:32:07'),
(89, 'Kristian Dicki', 'Individual', '849 Herman Valley', 'Vicentabury', '33208-1897', '2023-09-13 11:32:07', '2023-09-13 11:32:07'),
(90, 'Sawayn Ltd', 'Company', '499 Lyric Orchard', 'South Blanchetown', '91361', '2023-09-13 11:32:07', '2023-09-13 11:32:07'),
(91, 'Juanita Blick', 'Individual', '81763 Erwin Corner', 'North Lourdesview', '97616', '2023-09-13 11:32:07', '2023-09-13 11:32:07'),
(92, 'General Mante', 'Individual', '59271 Lemuel Crescent', 'West Blancaland', '07080-7461', '2023-09-13 11:32:07', '2023-09-13 11:32:07'),
(93, 'Prof. Hilma McGlynn MD', 'Individual', '1431 Jalen Route Suite 870', 'Port Melynaland', '30729-4979', '2023-09-13 11:32:07', '2023-09-13 11:32:07'),
(94, 'Mayert, Robel and Metz', 'Company', '48963 Haag Views Suite 809', 'Stevechester', '43596', '2023-09-13 11:32:07', '2023-09-13 11:32:07'),
(95, 'Osvaldo Emmerich DDS', 'Individual', '869 Shawna Mountains', 'South Rahsaan', '06004-9158', '2023-09-13 11:32:07', '2023-09-13 11:32:07'),
(96, 'Bergstrom Group', 'Company', '3466 Ronny Row Apt. 817', 'Port Jovan', '26662', '2023-09-13 11:32:08', '2023-09-13 11:32:08'),
(97, 'Mrs. Meda Kihn', 'Individual', '2267 Harber Motorway', 'New Jeremiefort', '13751', '2023-09-13 11:32:08', '2023-09-13 11:32:08'),
(98, 'Prof. Demond Bins', 'Individual', '4994 Jace Light', 'Robinport', '86665', '2023-09-13 11:32:08', '2023-09-13 11:32:08'),
(99, 'Mrs. Aylin Hansen Sr.', 'Individual', '58574 Elisabeth Manor Apt. 120', 'Mertzside', '83687', '2023-09-13 11:32:08', '2023-09-13 11:32:08'),
(100, 'Von Inc', 'Company', '766 Broderick Loaf', 'Bessiehaven', '88414', '2023-09-13 11:32:08', '2023-09-13 11:32:08'),
(101, 'Dietrich-Crooks', 'Company', '4237 Baumbach Radial', 'North Parkerberg', '75630-6650', '2023-09-13 11:32:08', '2023-09-13 11:32:08'),
(102, 'Kub-Cormier', 'Company', '9851 Octavia Brooks Apt. 340', 'New Bertaton', '97455-3024', '2023-09-13 11:32:08', '2023-09-13 11:32:08'),
(103, 'Kuvalis PLC', 'Company', '7843 Walter Rapids', 'Harveyview', '57274-4196', '2023-09-13 11:32:08', '2023-09-13 11:32:08'),
(104, 'Ebert PLC', 'Company', '5694 Dulce Crossing Suite 994', 'East Tatum', '22380', '2023-09-13 11:32:08', '2023-09-13 11:32:08'),
(105, 'Leffler Inc', 'Company', '263 Sipes Unions Suite 935', 'East Horacio', '46419', '2023-09-13 11:32:08', '2023-09-13 11:32:08'),
(106, 'Aliza Mertz', 'Individual', '18891 Verla Brook Apt. 659', 'West Cassandratown', '34724', '2023-09-13 11:32:08', '2023-09-13 11:32:08'),
(107, 'Renner-Hagenes', 'Company', '33772 Bradtke Flat Apt. 708', 'O\'Kontown', '00305', '2023-09-13 11:32:08', '2023-09-13 11:32:08'),
(108, 'Manley Bednar', 'Individual', '2487 Jaylen Vista', 'South Joshuahborough', '78763-0368', '2023-09-13 11:32:08', '2023-09-13 11:32:08'),
(109, 'Rodriguez, Weber and O\'Connell', 'Company', '585 O\'Reilly Cape', 'West Tatumport', '82318-1155', '2023-09-13 11:32:08', '2023-09-13 11:32:08'),
(110, 'Strosin Inc', 'Company', '641 Schuyler Mall Suite 426', 'East Edfurt', '43318', '2023-09-13 11:32:08', '2023-09-13 11:32:08'),
(111, 'Louvenia Becker Sr.', 'Individual', '33215 Kitty Crest', 'Monahantown', '51086', '2023-09-13 11:32:08', '2023-09-13 11:32:08'),
(112, 'Dr. Adan Lakin MD', 'Individual', '23981 Rolfson Spring', 'Gulgowskiland', '01997-1784', '2023-09-13 11:32:08', '2023-09-13 11:32:08'),
(113, 'Gloria Beatty', 'Individual', '89139 Graham Radial', 'Gleasonchester', '57374-0848', '2023-09-13 11:32:08', '2023-09-13 11:32:08'),
(114, 'Leuschke, Brown and Reilly', 'Company', '710 Ebert Land Apt. 933', 'Ornburgh', '26278-9836', '2023-09-13 11:32:08', '2023-09-13 11:32:08'),
(115, 'Bergstrom PLC', 'Company', '96474 Heaney Spring', 'South Tomasastad', '81775', '2023-09-13 11:32:08', '2023-09-13 11:32:08'),
(116, 'Hand, Predovic and Huels', 'Company', '549 Polly Street', 'Deckowport', '97522-9913', '2023-09-13 11:32:08', '2023-09-13 11:32:08'),
(117, 'Prof. Adrain Boyer V', 'Individual', '271 Luettgen Canyon Suite 486', 'Jeremiefort', '48024-0294', '2023-09-13 11:32:08', '2023-09-13 11:32:08'),
(118, 'Dr. Giles Klocko', 'Individual', '2243 Swift Mall Suite 416', 'Pagacville', '86202', '2023-09-13 11:32:08', '2023-09-13 11:32:08'),
(119, 'Emelie Windler', 'Individual', '7068 Blair Courts', 'Abshireberg', '15312-0381', '2023-09-13 11:32:08', '2023-09-13 11:32:08'),
(120, 'Lorena Volkman', 'Individual', '89309 Adrain Ranch', 'Lake Domenicoborough', '37292-1525', '2023-09-13 11:32:08', '2023-09-13 11:32:08'),
(121, 'Dr. Kaley Thiel DVM', 'Individual', '1071 Kuhlman Circle Apt. 837', 'Wolfshire', '46011-6309', '2023-09-13 11:32:08', '2023-09-13 11:32:08'),
(122, 'Neoma Durgan', 'Individual', '93060 Hickle Throughway Apt. 583', 'Lake Rosalindmouth', '18290-9823', '2023-09-13 11:32:08', '2023-09-13 11:32:08'),
(123, 'Cesar Ziemann', 'Individual', '936 Jonatan Rapids', 'East Sienna', '08337-1905', '2023-09-13 11:32:08', '2023-09-13 11:32:08'),
(124, 'Yazmin Stehr', 'Individual', '8081 Metz Roads', 'Uptonside', '85954-1394', '2023-09-13 11:32:08', '2023-09-13 11:32:08'),
(125, 'Miss Burnice Wehner DDS', 'Individual', '8401 Gislason Parks Suite 129', 'Port Kristintown', '40015-6945', '2023-09-13 11:32:08', '2023-09-13 11:32:08'),
(126, 'Carleton Hahn', 'Individual', '80246 Pat Port', 'Kristofershire', '60809-7720', '2023-09-13 11:32:09', '2023-09-13 11:32:09'),
(127, 'Katrine Rempel', 'Individual', '85641 Adrain Summit', 'Bradville', '40598', '2023-09-13 11:32:09', '2023-09-13 11:32:09'),
(128, 'Harris, Stokes and Hoppe', 'Company', '56769 Rippin Freeway', 'New Benedict', '68827-2139', '2023-09-13 11:32:09', '2023-09-13 11:32:09'),
(129, 'Jaron Lynch', 'Individual', '74357 Joelle Manors Apt. 648', 'Brekkeburgh', '01857-0546', '2023-09-13 11:32:09', '2023-09-13 11:32:09'),
(130, 'Miss Kaylin Moen', 'Individual', '221 Lawson Ports Apt. 180', 'Gaylordville', '45010-4370', '2023-09-13 11:32:09', '2023-09-13 11:32:09');

-- --------------------------------------------------------

--
-- Structure de la table `failed_jobs`
--

CREATE TABLE `failed_jobs` (
  `id` bigint(20) UNSIGNED NOT NULL,
  `uuid` varchar(255) NOT NULL,
  `connection` text NOT NULL,
  `queue` text NOT NULL,
  `payload` longtext NOT NULL,
  `exception` longtext NOT NULL,
  `failed_at` timestamp NOT NULL DEFAULT current_timestamp()
) ENGINE=InnoDB DEFAULT CHARSET=utf8mb4 COLLATE=utf8mb4_unicode_ci;

-- --------------------------------------------------------

--
-- Structure de la table `invoices`
--

CREATE TABLE `invoices` (
  `id` bigint(20) UNSIGNED NOT NULL,
  `amount` int(11) NOT NULL,
  `customer_id` int(11) NOT NULL,
  `status` varchar(255) NOT NULL,
  `Billed_date` datetime NOT NULL,
  `paided_date` datetime DEFAULT NULL,
  `created_at` timestamp NULL DEFAULT NULL,
  `updated_at` timestamp NULL DEFAULT NULL
) ENGINE=InnoDB DEFAULT CHARSET=utf8mb4 COLLATE=utf8mb4_unicode_ci;

--
-- Déchargement des données de la table `invoices`
--

INSERT INTO `invoices` (`id`, `amount`, `customer_id`, `status`, `Billed_date`, `paided_date`, `created_at`, `updated_at`) VALUES
(1, 736, 1, 'billed', '2015-04-04 13:32:52', NULL, '2023-09-13 11:32:02', '2023-09-13 11:32:02'),
(2, 602, 1, 'billed', '2017-05-03 19:55:25', NULL, '2023-09-13 11:32:02', '2023-09-13 11:32:02'),
(3, 374, 1, 'cancel', '2016-10-27 02:02:51', NULL, '2023-09-13 11:32:02', '2023-09-13 11:32:02'),
(4, 496, 1, 'paid', '2016-10-16 13:44:57', '2014-11-25 08:28:48', '2023-09-13 11:32:02', '2023-09-13 11:32:02'),
(5, 306, 1, 'billed', '2019-11-11 06:36:48', NULL, '2023-09-13 11:32:02', '2023-09-13 11:32:02'),
(6, 618, 1, 'billed', '2022-03-05 17:10:37', NULL, '2023-09-13 11:32:02', '2023-09-13 11:32:02'),
(7, 786, 1, 'cancel', '2018-05-02 12:07:07', NULL, '2023-09-13 11:32:02', '2023-09-13 11:32:02'),
(8, 766, 1, 'paid', '2015-09-09 13:17:51', '2017-11-22 00:31:28', '2023-09-13 11:32:02', '2023-09-13 11:32:02'),
(9, 391, 1, 'billed', '2013-11-25 16:02:26', NULL, '2023-09-13 11:32:02', '2023-09-13 11:32:02'),
(10, 663, 1, 'billed', '2016-05-25 06:26:01', NULL, '2023-09-13 11:32:02', '2023-09-13 11:32:02'),
(11, 112, 2, 'cancel', '2020-08-14 13:04:54', NULL, '2023-09-13 11:32:03', '2023-09-13 11:32:03'),
(12, 599, 2, 'cancel', '2021-01-24 03:15:38', NULL, '2023-09-13 11:32:03', '2023-09-13 11:32:03'),
(13, 115, 2, 'billed', '2023-02-20 17:31:32', NULL, '2023-09-13 11:32:03', '2023-09-13 11:32:03'),
(14, 920, 2, 'cancel', '2014-01-15 18:52:18', NULL, '2023-09-13 11:32:03', '2023-09-13 11:32:03'),
(15, 605, 2, 'cancel', '2022-10-21 08:34:00', NULL, '2023-09-13 11:32:03', '2023-09-13 11:32:03'),
(16, 459, 2, 'paid', '2023-02-14 17:26:29', '2017-04-24 15:00:05', '2023-09-13 11:32:03', '2023-09-13 11:32:03'),
(17, 124, 2, 'billed', '2019-10-25 02:04:03', NULL, '2023-09-13 11:32:03', '2023-09-13 11:32:03'),
(18, 953, 2, 'cancel', '2023-05-10 12:50:36', NULL, '2023-09-13 11:32:03', '2023-09-13 11:32:03'),
(19, 664, 2, 'billed', '2016-08-14 18:30:06', NULL, '2023-09-13 11:32:03', '2023-09-13 11:32:03'),
(20, 793, 2, 'billed', '2014-02-27 00:48:51', NULL, '2023-09-13 11:32:03', '2023-09-13 11:32:03'),
(21, 509, 3, 'cancel', '2023-01-29 14:12:04', NULL, '2023-09-13 11:32:03', '2023-09-13 11:32:03'),
(22, 133, 3, 'billed', '2018-02-27 04:53:39', NULL, '2023-09-13 11:32:03', '2023-09-13 11:32:03'),
(23, 746, 3, 'billed', '2023-02-16 00:32:51', NULL, '2023-09-13 11:32:03', '2023-09-13 11:32:03'),
(24, 584, 3, 'paid', '2014-10-31 12:43:00', '2014-09-24 16:21:41', '2023-09-13 11:32:03', '2023-09-13 11:32:03'),
(25, 547, 3, 'billed', '2023-03-30 10:39:03', NULL, '2023-09-13 11:32:03', '2023-09-13 11:32:03'),
(26, 228, 3, 'paid', '2014-03-18 04:14:53', '2020-05-16 12:46:20', '2023-09-13 11:32:03', '2023-09-13 11:32:03'),
(27, 883, 3, 'paid', '2018-06-24 05:49:16', '2020-11-20 06:53:29', '2023-09-13 11:32:03', '2023-09-13 11:32:03'),
(28, 680, 3, 'paid', '2015-02-17 07:19:05', '2022-10-25 11:59:48', '2023-09-13 11:32:03', '2023-09-13 11:32:03'),
(29, 258, 3, 'paid', '2016-07-31 20:44:12', '2019-03-20 09:48:43', '2023-09-13 11:32:03', '2023-09-13 11:32:03'),
(30, 479, 3, 'cancel', '2022-05-20 11:02:59', NULL, '2023-09-13 11:32:03', '2023-09-13 11:32:03'),
(31, 886, 4, 'billed', '2020-08-31 14:58:58', NULL, '2023-09-13 11:32:03', '2023-09-13 11:32:03'),
(32, 790, 4, 'cancel', '2020-08-19 23:13:35', NULL, '2023-09-13 11:32:03', '2023-09-13 11:32:03'),
(33, 714, 4, 'cancel', '2020-11-12 06:21:01', NULL, '2023-09-13 11:32:03', '2023-09-13 11:32:03'),
(34, 531, 4, 'billed', '2017-08-05 19:13:53', NULL, '2023-09-13 11:32:03', '2023-09-13 11:32:03'),
(35, 168, 4, 'paid', '2021-08-28 17:12:30', '2020-04-12 08:23:36', '2023-09-13 11:32:03', '2023-09-13 11:32:03'),
(36, 996, 4, 'cancel', '2020-04-08 09:33:51', NULL, '2023-09-13 11:32:03', '2023-09-13 11:32:03'),
(37, 157, 4, 'billed', '2022-04-19 12:22:24', NULL, '2023-09-13 11:32:03', '2023-09-13 11:32:03'),
(38, 782, 4, 'billed', '2019-07-27 17:14:16', NULL, '2023-09-13 11:32:03', '2023-09-13 11:32:03'),
(39, 694, 4, 'paid', '2016-03-25 09:45:10', '2014-09-12 04:17:59', '2023-09-13 11:32:03', '2023-09-13 11:32:03'),
(40, 485, 4, 'billed', '2022-05-15 05:43:30', NULL, '2023-09-13 11:32:03', '2023-09-13 11:32:03'),
(41, 613, 5, 'paid', '2016-04-28 20:13:24', '2014-08-20 21:17:29', '2023-09-13 11:32:03', '2023-09-13 11:32:03'),
(42, 146, 5, 'billed', '2015-11-13 17:06:24', NULL, '2023-09-13 11:32:03', '2023-09-13 11:32:03'),
(43, 534, 5, 'cancel', '2019-04-29 23:46:07', NULL, '2023-09-13 11:32:03', '2023-09-13 11:32:03'),
(44, 510, 5, 'paid', '2022-02-13 11:52:25', '2022-02-27 15:11:59', '2023-09-13 11:32:03', '2023-09-13 11:32:03'),
(45, 602, 5, 'cancel', '2015-12-20 05:16:23', NULL, '2023-09-13 11:32:03', '2023-09-13 11:32:03'),
(46, 847, 5, 'cancel', '2017-06-15 03:43:28', NULL, '2023-09-13 11:32:03', '2023-09-13 11:32:03'),
(47, 537, 5, 'billed', '2016-12-01 17:31:12', NULL, '2023-09-13 11:32:03', '2023-09-13 11:32:03'),
(48, 221, 5, 'paid', '2018-06-06 09:05:27', '2020-12-03 23:53:10', '2023-09-13 11:32:03', '2023-09-13 11:32:03'),
(49, 470, 5, 'paid', '2016-01-23 23:40:42', '2017-03-12 05:47:03', '2023-09-13 11:32:03', '2023-09-13 11:32:03'),
(50, 394, 5, 'cancel', '2016-04-15 10:52:43', NULL, '2023-09-13 11:32:03', '2023-09-13 11:32:03'),
(51, 643, 6, 'billed', '2021-11-18 06:24:06', NULL, '2023-09-13 11:32:03', '2023-09-13 11:32:03'),
(52, 952, 6, 'billed', '2016-05-28 21:30:46', NULL, '2023-09-13 11:32:03', '2023-09-13 11:32:03'),
(53, 890, 6, 'cancel', '2022-04-02 13:29:48', NULL, '2023-09-13 11:32:03', '2023-09-13 11:32:03'),
(54, 601, 6, 'paid', '2018-01-21 01:25:06', '2022-09-18 14:04:59', '2023-09-13 11:32:03', '2023-09-13 11:32:03'),
(55, 899, 6, 'cancel', '2014-11-03 11:59:40', NULL, '2023-09-13 11:32:03', '2023-09-13 11:32:03'),
(56, 499, 6, 'paid', '2014-01-15 18:03:49', '2017-07-18 06:38:58', '2023-09-13 11:32:03', '2023-09-13 11:32:03'),
(57, 572, 6, 'paid', '2019-09-15 10:16:06', '2018-03-04 06:44:32', '2023-09-13 11:32:03', '2023-09-13 11:32:03'),
(58, 385, 6, 'billed', '2014-08-12 01:25:13', NULL, '2023-09-13 11:32:03', '2023-09-13 11:32:03'),
(59, 213, 6, 'cancel', '2016-03-10 16:37:21', NULL, '2023-09-13 11:32:03', '2023-09-13 11:32:03'),
(60, 490, 6, 'cancel', '2015-12-18 09:17:32', NULL, '2023-09-13 11:32:03', '2023-09-13 11:32:03'),
(61, 484, 7, 'paid', '2023-04-20 00:57:02', '2023-05-26 12:20:42', '2023-09-13 11:32:03', '2023-09-13 11:32:03'),
(62, 801, 7, 'cancel', '2022-06-27 11:44:44', NULL, '2023-09-13 11:32:03', '2023-09-13 11:32:03'),
(63, 781, 7, 'cancel', '2014-05-03 19:45:50', NULL, '2023-09-13 11:32:03', '2023-09-13 11:32:03'),
(64, 303, 7, 'billed', '2013-09-18 02:21:47', NULL, '2023-09-13 11:32:03', '2023-09-13 11:32:03'),
(65, 333, 7, 'billed', '2021-05-05 05:00:22', NULL, '2023-09-13 11:32:03', '2023-09-13 11:32:03'),
(66, 754, 7, 'cancel', '2020-05-09 04:36:47', NULL, '2023-09-13 11:32:03', '2023-09-13 11:32:03'),
(67, 767, 7, 'paid', '2020-08-15 00:18:05', '2016-04-12 23:21:38', '2023-09-13 11:32:03', '2023-09-13 11:32:03'),
(68, 138, 7, 'paid', '2014-08-11 20:50:34', '2019-08-06 03:45:49', '2023-09-13 11:32:03', '2023-09-13 11:32:03'),
(69, 116, 7, 'billed', '2021-01-15 19:29:56', NULL, '2023-09-13 11:32:03', '2023-09-13 11:32:03'),
(70, 657, 7, 'billed', '2022-10-23 01:26:21', NULL, '2023-09-13 11:32:03', '2023-09-13 11:32:03'),
(71, 696, 8, 'billed', '2016-05-13 13:44:38', NULL, '2023-09-13 11:32:03', '2023-09-13 11:32:03'),
(72, 700, 8, 'billed', '2022-06-01 09:08:20', NULL, '2023-09-13 11:32:03', '2023-09-13 11:32:03'),
(73, 859, 8, 'paid', '2018-09-06 18:47:05', '2021-12-13 02:44:25', '2023-09-13 11:32:03', '2023-09-13 11:32:03'),
(74, 320, 8, 'paid', '2022-07-25 23:10:47', '2022-10-24 08:17:34', '2023-09-13 11:32:03', '2023-09-13 11:32:03'),
(75, 978, 8, 'cancel', '2014-09-21 06:09:04', NULL, '2023-09-13 11:32:03', '2023-09-13 11:32:03'),
(76, 824, 8, 'billed', '2015-08-01 20:38:51', NULL, '2023-09-13 11:32:03', '2023-09-13 11:32:03'),
(77, 915, 8, 'billed', '2020-04-25 10:01:58', NULL, '2023-09-13 11:32:03', '2023-09-13 11:32:03'),
(78, 121, 8, 'cancel', '2018-05-27 19:29:49', NULL, '2023-09-13 11:32:03', '2023-09-13 11:32:03'),
(79, 249, 8, 'paid', '2016-07-17 19:53:16', '2022-02-12 08:02:43', '2023-09-13 11:32:03', '2023-09-13 11:32:03'),
(80, 670, 8, 'billed', '2014-11-27 20:27:28', NULL, '2023-09-13 11:32:03', '2023-09-13 11:32:03'),
(81, 302, 9, 'billed', '2018-04-29 23:56:51', NULL, '2023-09-13 11:32:03', '2023-09-13 11:32:03'),
(82, 843, 9, 'cancel', '2015-07-21 20:06:34', NULL, '2023-09-13 11:32:03', '2023-09-13 11:32:03'),
(83, 752, 9, 'cancel', '2020-05-01 21:27:31', NULL, '2023-09-13 11:32:03', '2023-09-13 11:32:03'),
(84, 570, 9, 'billed', '2023-01-24 18:42:55', NULL, '2023-09-13 11:32:03', '2023-09-13 11:32:03'),
(85, 434, 9, 'paid', '2021-12-10 15:14:44', '2019-12-21 07:13:59', '2023-09-13 11:32:03', '2023-09-13 11:32:03'),
(86, 410, 9, 'paid', '2017-01-16 15:29:04', '2013-12-26 20:20:42', '2023-09-13 11:32:03', '2023-09-13 11:32:03'),
(87, 398, 9, 'billed', '2017-02-24 12:14:53', NULL, '2023-09-13 11:32:03', '2023-09-13 11:32:03'),
(88, 209, 9, 'cancel', '2016-11-23 06:49:18', NULL, '2023-09-13 11:32:03', '2023-09-13 11:32:03'),
(89, 947, 9, 'billed', '2017-12-12 13:18:26', NULL, '2023-09-13 11:32:03', '2023-09-13 11:32:03'),
(90, 263, 9, 'cancel', '2015-04-21 12:39:27', NULL, '2023-09-13 11:32:03', '2023-09-13 11:32:03'),
(91, 121, 10, 'cancel', '2022-06-14 13:13:20', NULL, '2023-09-13 11:32:03', '2023-09-13 11:32:03'),
(92, 347, 10, 'billed', '2020-05-16 01:53:57', NULL, '2023-09-13 11:32:03', '2023-09-13 11:32:03'),
(93, 188, 10, 'cancel', '2022-01-01 03:48:47', NULL, '2023-09-13 11:32:03', '2023-09-13 11:32:03'),
(94, 795, 10, 'cancel', '2015-07-29 16:22:46', NULL, '2023-09-13 11:32:03', '2023-09-13 11:32:03'),
(95, 367, 10, 'cancel', '2021-12-23 08:43:58', NULL, '2023-09-13 11:32:03', '2023-09-13 11:32:03'),
(96, 669, 10, 'cancel', '2021-12-09 00:53:06', NULL, '2023-09-13 11:32:03', '2023-09-13 11:32:03'),
(97, 225, 10, 'paid', '2019-09-18 13:53:57', '2015-01-03 10:55:42', '2023-09-13 11:32:03', '2023-09-13 11:32:03'),
(98, 189, 10, 'cancel', '2014-04-05 16:04:13', NULL, '2023-09-13 11:32:03', '2023-09-13 11:32:03'),
(99, 607, 10, 'billed', '2014-08-10 12:06:06', NULL, '2023-09-13 11:32:03', '2023-09-13 11:32:03'),
(100, 180, 10, 'billed', '2017-10-22 01:46:14', NULL, '2023-09-13 11:32:03', '2023-09-13 11:32:03'),
(101, 217, 11, 'cancel', '2015-11-16 16:49:47', NULL, '2023-09-13 11:32:03', '2023-09-13 11:32:03'),
(102, 240, 11, 'billed', '2016-03-18 22:23:22', NULL, '2023-09-13 11:32:03', '2023-09-13 11:32:03'),
(103, 973, 11, 'paid', '2022-04-23 19:29:21', '2014-11-17 03:33:43', '2023-09-13 11:32:03', '2023-09-13 11:32:03'),
(104, 585, 11, 'cancel', '2016-03-25 14:04:39', NULL, '2023-09-13 11:32:03', '2023-09-13 11:32:03'),
(105, 927, 11, 'billed', '2022-11-24 17:30:12', NULL, '2023-09-13 11:32:03', '2023-09-13 11:32:03'),
(106, 464, 11, 'cancel', '2014-06-03 08:01:00', NULL, '2023-09-13 11:32:03', '2023-09-13 11:32:03'),
(107, 720, 11, 'billed', '2023-05-16 05:46:00', NULL, '2023-09-13 11:32:03', '2023-09-13 11:32:03'),
(108, 304, 11, 'paid', '2013-10-03 14:00:37', '2015-12-10 23:25:22', '2023-09-13 11:32:03', '2023-09-13 11:32:03'),
(109, 555, 11, 'cancel', '2023-08-13 06:14:37', NULL, '2023-09-13 11:32:03', '2023-09-13 11:32:03'),
(110, 534, 11, 'billed', '2014-12-31 14:27:47', NULL, '2023-09-13 11:32:03', '2023-09-13 11:32:03'),
(111, 281, 12, 'paid', '2016-01-15 12:27:34', '2022-12-09 15:52:51', '2023-09-13 11:32:03', '2023-09-13 11:32:03'),
(112, 516, 12, 'paid', '2017-05-04 07:23:05', '2016-12-25 23:50:25', '2023-09-13 11:32:03', '2023-09-13 11:32:03'),
(113, 653, 12, 'paid', '2020-02-27 12:03:50', '2023-08-19 02:09:29', '2023-09-13 11:32:03', '2023-09-13 11:32:03'),
(114, 603, 12, 'billed', '2016-09-06 16:00:43', NULL, '2023-09-13 11:32:03', '2023-09-13 11:32:03'),
(115, 353, 12, 'paid', '2021-03-18 13:13:32', '2018-07-05 10:09:08', '2023-09-13 11:32:03', '2023-09-13 11:32:03'),
(116, 459, 12, 'paid', '2023-04-16 01:38:22', '2020-11-21 02:19:21', '2023-09-13 11:32:03', '2023-09-13 11:32:03'),
(117, 312, 12, 'paid', '2021-04-17 05:11:52', '2016-08-20 15:13:04', '2023-09-13 11:32:03', '2023-09-13 11:32:03'),
(118, 193, 12, 'paid', '2017-03-26 16:28:29', '2016-02-29 18:59:18', '2023-09-13 11:32:03', '2023-09-13 11:32:03'),
(119, 678, 12, 'billed', '2020-06-09 01:22:20', NULL, '2023-09-13 11:32:03', '2023-09-13 11:32:03'),
(120, 538, 12, 'billed', '2022-11-01 08:34:51', NULL, '2023-09-13 11:32:03', '2023-09-13 11:32:03'),
(121, 437, 13, 'billed', '2019-12-17 12:33:09', NULL, '2023-09-13 11:32:03', '2023-09-13 11:32:03'),
(122, 974, 13, 'paid', '2019-02-02 19:29:39', '2016-04-09 02:05:45', '2023-09-13 11:32:03', '2023-09-13 11:32:03'),
(123, 262, 13, 'billed', '2021-09-13 03:45:14', NULL, '2023-09-13 11:32:03', '2023-09-13 11:32:03'),
(124, 719, 13, 'paid', '2018-12-11 14:49:51', '2017-11-18 16:03:39', '2023-09-13 11:32:03', '2023-09-13 11:32:03'),
(125, 455, 13, 'cancel', '2018-07-16 01:11:17', NULL, '2023-09-13 11:32:03', '2023-09-13 11:32:03'),
(126, 418, 13, 'billed', '2023-08-24 07:47:03', NULL, '2023-09-13 11:32:03', '2023-09-13 11:32:03'),
(127, 618, 13, 'cancel', '2022-08-19 07:56:46', NULL, '2023-09-13 11:32:03', '2023-09-13 11:32:03'),
(128, 358, 13, 'cancel', '2016-12-20 09:22:00', NULL, '2023-09-13 11:32:03', '2023-09-13 11:32:03'),
(129, 887, 13, 'billed', '2021-07-19 22:52:30', NULL, '2023-09-13 11:32:03', '2023-09-13 11:32:03'),
(130, 387, 13, 'paid', '2019-03-13 01:15:19', '2018-08-02 01:21:57', '2023-09-13 11:32:03', '2023-09-13 11:32:03'),
(131, 760, 14, 'cancel', '2021-04-29 14:18:24', NULL, '2023-09-13 11:32:03', '2023-09-13 11:32:03'),
(132, 261, 14, 'paid', '2016-01-23 16:19:08', '2023-05-22 14:08:53', '2023-09-13 11:32:03', '2023-09-13 11:32:03'),
(133, 173, 14, 'cancel', '2022-05-08 23:30:48', NULL, '2023-09-13 11:32:03', '2023-09-13 11:32:03'),
(134, 742, 14, 'cancel', '2015-12-27 22:02:35', NULL, '2023-09-13 11:32:03', '2023-09-13 11:32:03'),
(135, 953, 14, 'paid', '2020-08-31 20:55:02', '2021-03-25 13:30:35', '2023-09-13 11:32:03', '2023-09-13 11:32:03'),
(136, 581, 14, 'cancel', '2019-03-07 18:35:00', NULL, '2023-09-13 11:32:03', '2023-09-13 11:32:03'),
(137, 553, 14, 'cancel', '2017-06-17 22:34:53', NULL, '2023-09-13 11:32:03', '2023-09-13 11:32:03'),
(138, 416, 14, 'paid', '2021-02-19 10:07:30', '2013-12-05 09:09:07', '2023-09-13 11:32:03', '2023-09-13 11:32:03'),
(139, 137, 14, 'paid', '2022-08-19 19:33:51', '2023-07-24 12:20:48', '2023-09-13 11:32:03', '2023-09-13 11:32:03'),
(140, 702, 14, 'paid', '2021-06-04 10:38:43', '2018-01-22 14:52:43', '2023-09-13 11:32:03', '2023-09-13 11:32:03'),
(141, 871, 15, 'cancel', '2019-11-18 11:39:30', NULL, '2023-09-13 11:32:03', '2023-09-13 11:32:03'),
(142, 873, 15, 'paid', '2022-05-21 16:52:23', '2019-03-07 07:52:02', '2023-09-13 11:32:03', '2023-09-13 11:32:03'),
(143, 811, 15, 'paid', '2018-04-10 14:03:19', '2014-01-31 22:02:27', '2023-09-13 11:32:03', '2023-09-13 11:32:03'),
(144, 916, 15, 'billed', '2018-05-07 21:58:41', NULL, '2023-09-13 11:32:03', '2023-09-13 11:32:03'),
(145, 902, 15, 'paid', '2018-07-16 08:12:01', '2016-05-21 16:38:47', '2023-09-13 11:32:03', '2023-09-13 11:32:03'),
(146, 430, 15, 'paid', '2021-08-19 12:49:03', '2022-01-25 18:52:23', '2023-09-13 11:32:03', '2023-09-13 11:32:03'),
(147, 999, 15, 'cancel', '2019-05-12 10:43:53', NULL, '2023-09-13 11:32:03', '2023-09-13 11:32:03'),
(148, 240, 15, 'billed', '2022-02-09 05:48:21', NULL, '2023-09-13 11:32:03', '2023-09-13 11:32:03'),
(149, 875, 15, 'paid', '2013-11-24 19:11:10', '2023-08-04 18:55:50', '2023-09-13 11:32:04', '2023-09-13 11:32:04'),
(150, 546, 15, 'billed', '2016-09-01 13:01:18', NULL, '2023-09-13 11:32:04', '2023-09-13 11:32:04'),
(151, 675, 16, 'cancel', '2013-11-14 10:37:03', NULL, '2023-09-13 11:32:04', '2023-09-13 11:32:04'),
(152, 223, 16, 'billed', '2022-05-22 02:00:52', NULL, '2023-09-13 11:32:04', '2023-09-13 11:32:04'),
(153, 874, 16, 'paid', '2018-05-07 06:47:21', '2015-12-09 15:44:06', '2023-09-13 11:32:04', '2023-09-13 11:32:04'),
(154, 565, 16, 'cancel', '2019-09-21 11:44:46', NULL, '2023-09-13 11:32:04', '2023-09-13 11:32:04'),
(155, 606, 16, 'billed', '2017-07-22 21:15:56', NULL, '2023-09-13 11:32:04', '2023-09-13 11:32:04'),
(156, 849, 16, 'billed', '2021-07-09 16:50:22', NULL, '2023-09-13 11:32:04', '2023-09-13 11:32:04'),
(157, 479, 16, 'paid', '2018-02-01 23:05:26', '2018-06-18 12:51:12', '2023-09-13 11:32:04', '2023-09-13 11:32:04'),
(158, 253, 16, 'paid', '2021-11-13 06:50:48', '2018-03-28 01:51:05', '2023-09-13 11:32:04', '2023-09-13 11:32:04'),
(159, 289, 16, 'billed', '2017-12-05 04:32:37', NULL, '2023-09-13 11:32:04', '2023-09-13 11:32:04'),
(160, 915, 16, 'paid', '2014-08-23 14:16:25', '2023-05-26 23:59:16', '2023-09-13 11:32:04', '2023-09-13 11:32:04'),
(161, 162, 17, 'billed', '2016-08-05 09:00:03', NULL, '2023-09-13 11:32:04', '2023-09-13 11:32:04'),
(162, 320, 17, 'paid', '2015-11-25 20:50:04', '2016-05-28 11:07:52', '2023-09-13 11:32:04', '2023-09-13 11:32:04'),
(163, 782, 17, 'paid', '2023-01-19 20:56:05', '2020-02-15 04:24:38', '2023-09-13 11:32:04', '2023-09-13 11:32:04'),
(164, 571, 17, 'paid', '2021-12-03 17:22:39', '2017-04-23 15:22:56', '2023-09-13 11:32:04', '2023-09-13 11:32:04'),
(165, 677, 17, 'cancel', '2021-05-15 01:31:38', NULL, '2023-09-13 11:32:04', '2023-09-13 11:32:04'),
(166, 470, 17, 'cancel', '2021-05-09 00:07:42', NULL, '2023-09-13 11:32:04', '2023-09-13 11:32:04'),
(167, 783, 17, 'billed', '2017-09-03 23:22:34', NULL, '2023-09-13 11:32:04', '2023-09-13 11:32:04'),
(168, 602, 17, 'billed', '2019-07-11 22:14:21', NULL, '2023-09-13 11:32:04', '2023-09-13 11:32:04'),
(169, 302, 17, 'cancel', '2021-10-26 14:27:02', NULL, '2023-09-13 11:32:04', '2023-09-13 11:32:04'),
(170, 530, 17, 'billed', '2017-05-03 14:54:35', NULL, '2023-09-13 11:32:04', '2023-09-13 11:32:04'),
(171, 541, 18, 'billed', '2016-12-24 18:58:03', NULL, '2023-09-13 11:32:04', '2023-09-13 11:32:04'),
(172, 406, 18, 'paid', '2023-01-03 20:21:41', '2015-01-26 11:39:54', '2023-09-13 11:32:04', '2023-09-13 11:32:04'),
(173, 615, 18, 'billed', '2020-02-08 01:13:30', NULL, '2023-09-13 11:32:04', '2023-09-13 11:32:04'),
(174, 317, 18, 'paid', '2018-06-03 05:32:33', '2015-02-12 13:34:14', '2023-09-13 11:32:04', '2023-09-13 11:32:04'),
(175, 567, 18, 'cancel', '2022-09-10 05:25:02', NULL, '2023-09-13 11:32:04', '2023-09-13 11:32:04'),
(176, 109, 18, 'paid', '2017-10-28 06:30:00', '2020-04-26 02:11:42', '2023-09-13 11:32:04', '2023-09-13 11:32:04'),
(177, 649, 18, 'cancel', '2016-10-31 21:04:21', NULL, '2023-09-13 11:32:04', '2023-09-13 11:32:04'),
(178, 643, 18, 'cancel', '2018-07-22 02:23:25', NULL, '2023-09-13 11:32:04', '2023-09-13 11:32:04'),
(179, 608, 18, 'billed', '2016-09-14 13:15:40', NULL, '2023-09-13 11:32:04', '2023-09-13 11:32:04'),
(180, 515, 18, 'cancel', '2016-05-25 09:22:08', NULL, '2023-09-13 11:32:04', '2023-09-13 11:32:04'),
(181, 936, 19, 'cancel', '2017-10-29 06:15:53', NULL, '2023-09-13 11:32:04', '2023-09-13 11:32:04'),
(182, 668, 19, 'paid', '2015-02-28 07:19:43', '2021-04-27 19:08:45', '2023-09-13 11:32:04', '2023-09-13 11:32:04'),
(183, 507, 19, 'paid', '2023-08-14 00:25:11', '2016-12-24 06:29:50', '2023-09-13 11:32:04', '2023-09-13 11:32:04'),
(184, 724, 19, 'paid', '2022-07-06 16:30:17', '2017-01-27 20:26:34', '2023-09-13 11:32:04', '2023-09-13 11:32:04'),
(185, 505, 19, 'paid', '2019-02-14 23:59:38', '2017-06-15 20:01:10', '2023-09-13 11:32:04', '2023-09-13 11:32:04'),
(186, 166, 19, 'cancel', '2016-01-19 12:45:55', NULL, '2023-09-13 11:32:04', '2023-09-13 11:32:04'),
(187, 136, 19, 'cancel', '2018-01-17 04:03:43', NULL, '2023-09-13 11:32:04', '2023-09-13 11:32:04'),
(188, 246, 19, 'paid', '2015-12-09 12:14:18', '2022-11-26 05:40:01', '2023-09-13 11:32:04', '2023-09-13 11:32:04'),
(189, 201, 19, 'cancel', '2022-10-30 03:01:48', NULL, '2023-09-13 11:32:04', '2023-09-13 11:32:04'),
(190, 194, 19, 'billed', '2021-12-27 06:22:54', NULL, '2023-09-13 11:32:04', '2023-09-13 11:32:04'),
(191, 316, 20, 'billed', '2023-03-27 16:35:55', NULL, '2023-09-13 11:32:04', '2023-09-13 11:32:04'),
(192, 133, 20, 'paid', '2016-12-23 08:15:13', '2015-11-23 16:25:18', '2023-09-13 11:32:04', '2023-09-13 11:32:04'),
(193, 996, 20, 'cancel', '2016-08-08 17:56:17', NULL, '2023-09-13 11:32:04', '2023-09-13 11:32:04'),
(194, 274, 20, 'paid', '2022-10-21 07:01:24', '2019-06-06 20:30:02', '2023-09-13 11:32:04', '2023-09-13 11:32:04'),
(195, 280, 20, 'billed', '2016-03-04 00:17:51', NULL, '2023-09-13 11:32:04', '2023-09-13 11:32:04'),
(196, 126, 20, 'paid', '2014-10-31 11:28:06', '2014-09-06 23:43:59', '2023-09-13 11:32:04', '2023-09-13 11:32:04'),
(197, 459, 20, 'billed', '2022-07-25 07:22:40', NULL, '2023-09-13 11:32:04', '2023-09-13 11:32:04'),
(198, 326, 20, 'billed', '2021-02-25 20:40:37', NULL, '2023-09-13 11:32:04', '2023-09-13 11:32:04'),
(199, 775, 20, 'billed', '2018-02-20 22:26:03', NULL, '2023-09-13 11:32:04', '2023-09-13 11:32:04'),
(200, 336, 20, 'paid', '2019-01-02 12:57:14', '2022-10-13 07:45:55', '2023-09-13 11:32:04', '2023-09-13 11:32:04'),
(201, 641, 21, 'cancel', '2016-04-09 13:13:45', NULL, '2023-09-13 11:32:04', '2023-09-13 11:32:04'),
(202, 258, 21, 'cancel', '2017-04-04 12:56:16', NULL, '2023-09-13 11:32:04', '2023-09-13 11:32:04'),
(203, 520, 21, 'cancel', '2020-01-10 01:23:56', NULL, '2023-09-13 11:32:04', '2023-09-13 11:32:04'),
(204, 138, 21, 'cancel', '2018-03-02 00:05:36', NULL, '2023-09-13 11:32:04', '2023-09-13 11:32:04'),
(205, 860, 21, 'billed', '2017-11-29 00:20:21', NULL, '2023-09-13 11:32:04', '2023-09-13 11:32:04'),
(206, 319, 21, 'paid', '2020-03-02 21:02:05', '2016-10-17 17:13:12', '2023-09-13 11:32:04', '2023-09-13 11:32:04'),
(207, 325, 21, 'paid', '2015-02-10 06:14:37', '2021-01-29 15:14:22', '2023-09-13 11:32:04', '2023-09-13 11:32:04'),
(208, 510, 21, 'cancel', '2023-01-03 08:24:07', NULL, '2023-09-13 11:32:04', '2023-09-13 11:32:04'),
(209, 396, 21, 'billed', '2019-07-03 20:14:23', NULL, '2023-09-13 11:32:04', '2023-09-13 11:32:04'),
(210, 614, 21, 'billed', '2017-09-20 13:24:10', NULL, '2023-09-13 11:32:04', '2023-09-13 11:32:04'),
(211, 562, 22, 'paid', '2021-01-01 22:33:13', '2017-03-11 21:15:38', '2023-09-13 11:32:04', '2023-09-13 11:32:04'),
(212, 903, 22, 'billed', '2018-06-23 11:50:03', NULL, '2023-09-13 11:32:04', '2023-09-13 11:32:04'),
(213, 126, 22, 'paid', '2017-06-24 09:34:39', '2016-01-11 00:18:40', '2023-09-13 11:32:04', '2023-09-13 11:32:04'),
(214, 339, 22, 'cancel', '2020-12-02 01:28:46', NULL, '2023-09-13 11:32:04', '2023-09-13 11:32:04'),
(215, 327, 22, 'billed', '2014-09-24 08:14:36', NULL, '2023-09-13 11:32:04', '2023-09-13 11:32:04'),
(216, 439, 22, 'cancel', '2016-12-26 10:09:43', NULL, '2023-09-13 11:32:04', '2023-09-13 11:32:04'),
(217, 638, 22, 'billed', '2016-04-11 06:11:57', NULL, '2023-09-13 11:32:04', '2023-09-13 11:32:04'),
(218, 996, 22, 'paid', '2016-03-04 00:28:06', '2017-08-24 14:45:15', '2023-09-13 11:32:04', '2023-09-13 11:32:04'),
(219, 868, 22, 'billed', '2014-05-27 11:39:34', NULL, '2023-09-13 11:32:04', '2023-09-13 11:32:04'),
(220, 653, 22, 'cancel', '2015-08-18 14:07:56', NULL, '2023-09-13 11:32:04', '2023-09-13 11:32:04'),
(221, 183, 23, 'billed', '2022-08-30 15:53:24', NULL, '2023-09-13 11:32:04', '2023-09-13 11:32:04'),
(222, 418, 23, 'paid', '2022-06-28 23:37:33', '2020-04-15 02:47:58', '2023-09-13 11:32:04', '2023-09-13 11:32:04'),
(223, 342, 23, 'paid', '2015-01-05 21:06:42', '2018-05-06 14:56:39', '2023-09-13 11:32:04', '2023-09-13 11:32:04'),
(224, 552, 23, 'cancel', '2015-09-28 11:28:17', NULL, '2023-09-13 11:32:04', '2023-09-13 11:32:04'),
(225, 406, 23, 'cancel', '2023-08-26 00:07:03', NULL, '2023-09-13 11:32:04', '2023-09-13 11:32:04'),
(226, 570, 23, 'paid', '2021-12-12 00:27:04', '2018-03-19 04:55:17', '2023-09-13 11:32:04', '2023-09-13 11:32:04'),
(227, 604, 23, 'cancel', '2023-01-11 19:57:51', NULL, '2023-09-13 11:32:04', '2023-09-13 11:32:04'),
(228, 384, 23, 'cancel', '2016-02-24 22:31:23', NULL, '2023-09-13 11:32:04', '2023-09-13 11:32:04'),
(229, 543, 23, 'cancel', '2019-05-25 15:08:31', NULL, '2023-09-13 11:32:04', '2023-09-13 11:32:04'),
(230, 804, 23, 'cancel', '2023-08-16 18:01:21', NULL, '2023-09-13 11:32:04', '2023-09-13 11:32:04'),
(231, 574, 24, 'billed', '2017-03-20 13:21:19', NULL, '2023-09-13 11:32:04', '2023-09-13 11:32:04'),
(232, 271, 24, 'billed', '2023-01-03 14:55:52', NULL, '2023-09-13 11:32:04', '2023-09-13 11:32:04'),
(233, 839, 24, 'paid', '2015-07-14 16:46:21', '2017-08-13 08:07:31', '2023-09-13 11:32:04', '2023-09-13 11:32:04'),
(234, 358, 24, 'billed', '2016-08-01 08:38:19', NULL, '2023-09-13 11:32:04', '2023-09-13 11:32:04'),
(235, 475, 24, 'billed', '2014-11-24 11:05:16', NULL, '2023-09-13 11:32:04', '2023-09-13 11:32:04'),
(236, 693, 24, 'paid', '2015-05-24 13:38:38', '2023-05-27 05:56:29', '2023-09-13 11:32:04', '2023-09-13 11:32:04'),
(237, 563, 24, 'cancel', '2015-03-12 14:38:05', NULL, '2023-09-13 11:32:04', '2023-09-13 11:32:04'),
(238, 630, 24, 'cancel', '2022-01-16 09:08:37', NULL, '2023-09-13 11:32:04', '2023-09-13 11:32:04'),
(239, 309, 24, 'paid', '2015-11-12 14:27:39', '2020-09-09 12:13:32', '2023-09-13 11:32:04', '2023-09-13 11:32:04'),
(240, 949, 24, 'billed', '2022-03-04 14:06:49', NULL, '2023-09-13 11:32:04', '2023-09-13 11:32:04'),
(241, 358, 25, 'billed', '2014-01-07 19:06:54', NULL, '2023-09-13 11:32:04', '2023-09-13 11:32:04'),
(242, 541, 25, 'paid', '2019-09-15 23:26:55', '2016-12-02 11:54:13', '2023-09-13 11:32:04', '2023-09-13 11:32:04'),
(243, 795, 25, 'billed', '2017-02-14 02:07:22', NULL, '2023-09-13 11:32:04', '2023-09-13 11:32:04'),
(244, 243, 25, 'paid', '2019-04-15 19:51:11', '2022-11-29 21:17:56', '2023-09-13 11:32:04', '2023-09-13 11:32:04'),
(245, 501, 25, 'billed', '2018-11-11 03:33:14', NULL, '2023-09-13 11:32:04', '2023-09-13 11:32:04'),
(246, 959, 25, 'billed', '2014-04-11 01:22:55', NULL, '2023-09-13 11:32:04', '2023-09-13 11:32:04'),
(247, 297, 25, 'paid', '2019-09-24 00:18:07', '2022-08-08 15:43:06', '2023-09-13 11:32:04', '2023-09-13 11:32:04'),
(248, 898, 25, 'cancel', '2014-07-22 23:07:19', NULL, '2023-09-13 11:32:04', '2023-09-13 11:32:04'),
(249, 894, 25, 'billed', '2014-01-22 20:38:01', NULL, '2023-09-13 11:32:04', '2023-09-13 11:32:04'),
(250, 164, 25, 'billed', '2023-07-02 22:23:06', NULL, '2023-09-13 11:32:04', '2023-09-13 11:32:04'),
(251, 828, 26, 'billed', '2018-09-22 16:00:36', NULL, '2023-09-13 11:32:04', '2023-09-13 11:32:04'),
(252, 510, 26, 'billed', '2023-03-10 03:34:34', NULL, '2023-09-13 11:32:04', '2023-09-13 11:32:04'),
(253, 435, 26, 'paid', '2018-05-14 21:34:59', '2020-11-21 05:38:18', '2023-09-13 11:32:04', '2023-09-13 11:32:04'),
(254, 613, 26, 'paid', '2015-08-23 03:50:34', '2014-07-25 21:38:31', '2023-09-13 11:32:04', '2023-09-13 11:32:04'),
(255, 442, 26, 'cancel', '2020-09-13 10:03:37', NULL, '2023-09-13 11:32:04', '2023-09-13 11:32:04'),
(256, 585, 27, 'cancel', '2021-05-23 14:56:33', NULL, '2023-09-13 11:32:04', '2023-09-13 11:32:04'),
(257, 143, 27, 'billed', '2018-10-10 19:42:11', NULL, '2023-09-13 11:32:04', '2023-09-13 11:32:04'),
(258, 855, 27, 'paid', '2016-06-29 02:03:09', '2017-11-22 17:30:08', '2023-09-13 11:32:04', '2023-09-13 11:32:04'),
(259, 757, 27, 'billed', '2016-10-01 22:00:43', NULL, '2023-09-13 11:32:04', '2023-09-13 11:32:04'),
(260, 189, 27, 'cancel', '2023-09-06 19:52:06', NULL, '2023-09-13 11:32:04', '2023-09-13 11:32:04'),
(261, 771, 28, 'paid', '2016-03-15 14:36:37', '2016-09-28 22:29:13', '2023-09-13 11:32:04', '2023-09-13 11:32:04'),
(262, 785, 28, 'cancel', '2019-03-19 10:17:35', NULL, '2023-09-13 11:32:04', '2023-09-13 11:32:04'),
(263, 891, 28, 'billed', '2016-04-04 14:48:26', NULL, '2023-09-13 11:32:04', '2023-09-13 11:32:04'),
(264, 983, 28, 'cancel', '2019-11-17 15:30:33', NULL, '2023-09-13 11:32:04', '2023-09-13 11:32:04'),
(265, 185, 28, 'paid', '2017-03-09 01:42:26', '2023-07-23 08:26:09', '2023-09-13 11:32:04', '2023-09-13 11:32:04'),
(266, 351, 29, 'billed', '2023-06-12 13:28:19', NULL, '2023-09-13 11:32:04', '2023-09-13 11:32:04'),
(267, 830, 29, 'paid', '2022-04-27 00:55:53', '2021-10-14 02:47:33', '2023-09-13 11:32:04', '2023-09-13 11:32:04'),
(268, 740, 29, 'cancel', '2016-02-28 20:17:11', NULL, '2023-09-13 11:32:04', '2023-09-13 11:32:04'),
(269, 934, 29, 'cancel', '2023-09-12 22:55:49', NULL, '2023-09-13 11:32:05', '2023-09-13 11:32:05'),
(270, 797, 29, 'cancel', '2014-11-28 02:22:55', NULL, '2023-09-13 11:32:05', '2023-09-13 11:32:05'),
(271, 586, 30, 'paid', '2020-01-24 20:20:28', '2020-06-12 12:14:56', '2023-09-13 11:32:05', '2023-09-13 11:32:05'),
(272, 959, 30, 'billed', '2014-11-17 08:34:56', NULL, '2023-09-13 11:32:05', '2023-09-13 11:32:05'),
(273, 302, 30, 'paid', '2016-11-19 05:55:27', '2022-04-05 13:17:07', '2023-09-13 11:32:05', '2023-09-13 11:32:05'),
(274, 770, 30, 'billed', '2017-02-15 06:57:25', NULL, '2023-09-13 11:32:05', '2023-09-13 11:32:05'),
(275, 773, 30, 'paid', '2013-11-06 01:44:03', '2020-10-05 07:01:20', '2023-09-13 11:32:05', '2023-09-13 11:32:05'),
(276, 208, 31, 'paid', '2016-09-22 00:28:51', '2013-09-17 05:30:10', '2023-09-13 11:32:05', '2023-09-13 11:32:05'),
(277, 667, 31, 'billed', '2019-11-09 14:07:26', NULL, '2023-09-13 11:32:05', '2023-09-13 11:32:05'),
(278, 351, 31, 'cancel', '2018-12-08 06:05:10', NULL, '2023-09-13 11:32:05', '2023-09-13 11:32:05'),
(279, 167, 31, 'paid', '2023-02-22 14:00:51', '2023-06-14 05:32:06', '2023-09-13 11:32:05', '2023-09-13 11:32:05'),
(280, 424, 31, 'cancel', '2021-10-21 11:39:26', NULL, '2023-09-13 11:32:05', '2023-09-13 11:32:05'),
(281, 395, 32, 'cancel', '2017-01-15 23:49:02', NULL, '2023-09-13 11:32:05', '2023-09-13 11:32:05'),
(282, 351, 32, 'paid', '2020-11-17 02:47:29', '2019-10-25 21:40:26', '2023-09-13 11:32:05', '2023-09-13 11:32:05'),
(283, 779, 32, 'paid', '2022-07-22 09:14:49', '2021-12-19 04:43:11', '2023-09-13 11:32:05', '2023-09-13 11:32:05'),
(284, 126, 32, 'cancel', '2018-08-29 21:58:34', NULL, '2023-09-13 11:32:05', '2023-09-13 11:32:05'),
(285, 573, 32, 'cancel', '2020-01-03 16:43:05', NULL, '2023-09-13 11:32:05', '2023-09-13 11:32:05'),
(286, 630, 33, 'paid', '2016-06-12 23:24:41', '2018-01-01 16:37:19', '2023-09-13 11:32:05', '2023-09-13 11:32:05'),
(287, 350, 33, 'billed', '2017-02-03 20:19:28', NULL, '2023-09-13 11:32:05', '2023-09-13 11:32:05'),
(288, 959, 33, 'cancel', '2013-10-27 14:36:53', NULL, '2023-09-13 11:32:05', '2023-09-13 11:32:05'),
(289, 209, 33, 'cancel', '2017-08-17 13:01:31', NULL, '2023-09-13 11:32:05', '2023-09-13 11:32:05'),
(290, 659, 33, 'cancel', '2021-02-26 08:52:03', NULL, '2023-09-13 11:32:05', '2023-09-13 11:32:05'),
(291, 868, 34, 'cancel', '2019-12-13 05:44:46', NULL, '2023-09-13 11:32:05', '2023-09-13 11:32:05'),
(292, 543, 34, 'cancel', '2019-07-27 14:58:54', NULL, '2023-09-13 11:32:05', '2023-09-13 11:32:05'),
(293, 148, 34, 'paid', '2022-02-21 02:45:23', '2017-05-22 03:00:07', '2023-09-13 11:32:05', '2023-09-13 11:32:05'),
(294, 407, 34, 'cancel', '2019-11-24 14:41:41', NULL, '2023-09-13 11:32:05', '2023-09-13 11:32:05'),
(295, 750, 34, 'billed', '2022-01-08 06:16:02', NULL, '2023-09-13 11:32:05', '2023-09-13 11:32:05'),
(296, 868, 35, 'billed', '2022-01-29 08:05:14', NULL, '2023-09-13 11:32:05', '2023-09-13 11:32:05'),
(297, 303, 35, 'billed', '2023-03-06 17:56:46', NULL, '2023-09-13 11:32:05', '2023-09-13 11:32:05'),
(298, 877, 35, 'cancel', '2019-01-27 02:10:53', NULL, '2023-09-13 11:32:05', '2023-09-13 11:32:05'),
(299, 133, 35, 'cancel', '2021-06-18 15:40:20', NULL, '2023-09-13 11:32:05', '2023-09-13 11:32:05'),
(300, 332, 35, 'paid', '2016-02-25 05:00:48', '2015-06-11 04:20:26', '2023-09-13 11:32:05', '2023-09-13 11:32:05'),
(301, 300, 36, 'paid', '2018-08-05 04:26:30', '2015-12-31 15:27:56', '2023-09-13 11:32:05', '2023-09-13 11:32:05'),
(302, 237, 36, 'paid', '2019-03-16 12:56:03', '2015-08-05 18:21:28', '2023-09-13 11:32:05', '2023-09-13 11:32:05'),
(303, 787, 36, 'billed', '2022-02-09 13:31:52', NULL, '2023-09-13 11:32:05', '2023-09-13 11:32:05'),
(304, 930, 36, 'cancel', '2020-11-19 10:45:19', NULL, '2023-09-13 11:32:05', '2023-09-13 11:32:05'),
(305, 466, 36, 'paid', '2014-04-09 21:48:25', '2022-06-29 21:05:12', '2023-09-13 11:32:05', '2023-09-13 11:32:05'),
(306, 263, 37, 'cancel', '2013-09-21 00:01:52', NULL, '2023-09-13 11:32:05', '2023-09-13 11:32:05'),
(307, 420, 37, 'paid', '2020-07-30 12:51:58', '2021-04-19 08:10:07', '2023-09-13 11:32:05', '2023-09-13 11:32:05'),
(308, 544, 37, 'cancel', '2022-02-08 08:27:57', NULL, '2023-09-13 11:32:05', '2023-09-13 11:32:05'),
(309, 856, 37, 'paid', '2022-11-10 08:09:28', '2014-10-16 13:10:21', '2023-09-13 11:32:05', '2023-09-13 11:32:05'),
(310, 700, 37, 'paid', '2017-11-04 08:09:52', '2015-10-14 16:20:37', '2023-09-13 11:32:05', '2023-09-13 11:32:05'),
(311, 586, 38, 'billed', '2014-11-07 13:56:17', NULL, '2023-09-13 11:32:05', '2023-09-13 11:32:05'),
(312, 866, 38, 'billed', '2016-08-25 19:14:10', NULL, '2023-09-13 11:32:05', '2023-09-13 11:32:05'),
(313, 719, 38, 'cancel', '2018-05-02 22:26:15', NULL, '2023-09-13 11:32:05', '2023-09-13 11:32:05'),
(314, 896, 38, 'paid', '2020-04-09 15:15:27', '2020-09-08 18:06:09', '2023-09-13 11:32:05', '2023-09-13 11:32:05'),
(315, 376, 38, 'paid', '2015-05-06 14:14:17', '2014-05-08 05:53:02', '2023-09-13 11:32:05', '2023-09-13 11:32:05'),
(316, 100, 39, 'billed', '2021-01-21 00:18:16', NULL, '2023-09-13 11:32:05', '2023-09-13 11:32:05'),
(317, 165, 39, 'cancel', '2020-09-27 13:51:09', NULL, '2023-09-13 11:32:05', '2023-09-13 11:32:05'),
(318, 844, 39, 'paid', '2017-10-24 11:45:13', '2018-03-16 19:23:59', '2023-09-13 11:32:05', '2023-09-13 11:32:05'),
(319, 305, 39, 'paid', '2017-10-05 00:15:51', '2019-08-03 22:13:44', '2023-09-13 11:32:05', '2023-09-13 11:32:05'),
(320, 855, 39, 'paid', '2022-03-12 17:41:36', '2022-01-23 21:08:19', '2023-09-13 11:32:05', '2023-09-13 11:32:05'),
(321, 490, 40, 'paid', '2013-11-05 17:06:37', '2015-04-12 03:43:54', '2023-09-13 11:32:05', '2023-09-13 11:32:05'),
(322, 622, 40, 'billed', '2022-11-06 21:37:03', NULL, '2023-09-13 11:32:05', '2023-09-13 11:32:05'),
(323, 115, 40, 'paid', '2014-04-30 05:57:01', '2016-02-04 04:44:49', '2023-09-13 11:32:05', '2023-09-13 11:32:05'),
(324, 688, 40, 'billed', '2020-05-08 20:08:40', NULL, '2023-09-13 11:32:05', '2023-09-13 11:32:05'),
(325, 522, 40, 'cancel', '2019-10-22 09:27:15', NULL, '2023-09-13 11:32:05', '2023-09-13 11:32:05'),
(326, 320, 41, 'billed', '2015-11-24 01:32:29', NULL, '2023-09-13 11:32:05', '2023-09-13 11:32:05'),
(327, 665, 41, 'billed', '2015-05-08 02:02:28', NULL, '2023-09-13 11:32:05', '2023-09-13 11:32:05'),
(328, 204, 41, 'billed', '2022-07-08 02:45:03', NULL, '2023-09-13 11:32:05', '2023-09-13 11:32:05'),
(329, 345, 41, 'paid', '2013-11-23 20:12:24', '2021-04-27 07:32:05', '2023-09-13 11:32:05', '2023-09-13 11:32:05'),
(330, 846, 41, 'paid', '2016-07-31 03:35:12', '2022-11-28 20:42:51', '2023-09-13 11:32:05', '2023-09-13 11:32:05'),
(331, 574, 42, 'cancel', '2015-04-28 08:53:16', NULL, '2023-09-13 11:32:05', '2023-09-13 11:32:05'),
(332, 853, 42, 'paid', '2014-07-02 01:35:06', '2016-08-21 00:15:46', '2023-09-13 11:32:05', '2023-09-13 11:32:05'),
(333, 454, 42, 'paid', '2020-07-03 09:28:53', '2020-08-30 17:55:41', '2023-09-13 11:32:05', '2023-09-13 11:32:05'),
(334, 256, 42, 'paid', '2019-05-24 22:29:24', '2019-11-05 13:04:49', '2023-09-13 11:32:05', '2023-09-13 11:32:05'),
(335, 984, 42, 'cancel', '2017-05-24 18:17:14', NULL, '2023-09-13 11:32:05', '2023-09-13 11:32:05'),
(336, 706, 43, 'cancel', '2019-11-03 05:02:26', NULL, '2023-09-13 11:32:05', '2023-09-13 11:32:05'),
(337, 443, 43, 'cancel', '2014-01-23 10:48:26', NULL, '2023-09-13 11:32:05', '2023-09-13 11:32:05'),
(338, 191, 43, 'billed', '2019-09-13 21:11:01', NULL, '2023-09-13 11:32:05', '2023-09-13 11:32:05'),
(339, 370, 43, 'paid', '2017-06-16 07:30:45', '2023-06-19 11:17:11', '2023-09-13 11:32:05', '2023-09-13 11:32:05'),
(340, 990, 43, 'paid', '2023-05-01 04:20:38', '2016-06-12 11:08:11', '2023-09-13 11:32:05', '2023-09-13 11:32:05'),
(341, 868, 44, 'cancel', '2020-09-09 15:28:40', NULL, '2023-09-13 11:32:05', '2023-09-13 11:32:05'),
(342, 195, 44, 'billed', '2019-04-28 00:33:30', NULL, '2023-09-13 11:32:05', '2023-09-13 11:32:05'),
(343, 467, 44, 'paid', '2022-01-01 03:04:10', '2019-08-18 03:48:15', '2023-09-13 11:32:05', '2023-09-13 11:32:05'),
(344, 360, 44, 'paid', '2018-05-02 20:24:02', '2019-11-18 04:51:42', '2023-09-13 11:32:05', '2023-09-13 11:32:05'),
(345, 458, 44, 'billed', '2017-03-17 20:02:38', NULL, '2023-09-13 11:32:05', '2023-09-13 11:32:05'),
(346, 755, 45, 'billed', '2019-04-24 13:45:00', NULL, '2023-09-13 11:32:05', '2023-09-13 11:32:05'),
(347, 948, 45, 'cancel', '2022-06-05 06:10:50', NULL, '2023-09-13 11:32:05', '2023-09-13 11:32:05'),
(348, 298, 45, 'paid', '2019-11-26 07:04:07', '2014-07-18 20:13:02', '2023-09-13 11:32:05', '2023-09-13 11:32:05'),
(349, 775, 45, 'billed', '2023-08-27 08:33:54', NULL, '2023-09-13 11:32:05', '2023-09-13 11:32:05'),
(350, 520, 45, 'billed', '2018-05-05 14:26:59', NULL, '2023-09-13 11:32:05', '2023-09-13 11:32:05'),
(351, 765, 46, 'cancel', '2015-05-07 20:37:21', NULL, '2023-09-13 11:32:05', '2023-09-13 11:32:05'),
(352, 703, 46, 'billed', '2019-03-21 14:18:57', NULL, '2023-09-13 11:32:05', '2023-09-13 11:32:05'),
(353, 745, 46, 'paid', '2023-01-03 21:17:43', '2019-09-08 07:47:26', '2023-09-13 11:32:05', '2023-09-13 11:32:05'),
(354, 703, 46, 'cancel', '2019-12-15 07:14:40', NULL, '2023-09-13 11:32:05', '2023-09-13 11:32:05'),
(355, 524, 46, 'billed', '2014-10-15 00:08:11', NULL, '2023-09-13 11:32:05', '2023-09-13 11:32:05'),
(356, 424, 47, 'billed', '2023-06-06 19:59:15', NULL, '2023-09-13 11:32:05', '2023-09-13 11:32:05'),
(357, 739, 47, 'cancel', '2015-04-07 00:05:51', NULL, '2023-09-13 11:32:05', '2023-09-13 11:32:05'),
(358, 873, 47, 'cancel', '2017-05-06 10:24:43', NULL, '2023-09-13 11:32:05', '2023-09-13 11:32:05'),
(359, 673, 47, 'cancel', '2019-05-28 13:05:26', NULL, '2023-09-13 11:32:05', '2023-09-13 11:32:05'),
(360, 946, 47, 'cancel', '2018-04-11 20:10:57', NULL, '2023-09-13 11:32:05', '2023-09-13 11:32:05'),
(361, 849, 48, 'paid', '2023-04-23 13:09:45', '2022-10-03 10:18:56', '2023-09-13 11:32:05', '2023-09-13 11:32:05'),
(362, 495, 48, 'cancel', '2023-05-27 23:53:44', NULL, '2023-09-13 11:32:05', '2023-09-13 11:32:05'),
(363, 492, 48, 'cancel', '2016-09-24 23:29:03', NULL, '2023-09-13 11:32:05', '2023-09-13 11:32:05'),
(364, 862, 48, 'paid', '2014-07-20 13:53:22', '2018-08-05 08:11:53', '2023-09-13 11:32:05', '2023-09-13 11:32:05'),
(365, 441, 48, 'cancel', '2019-11-13 04:41:03', NULL, '2023-09-13 11:32:05', '2023-09-13 11:32:05'),
(366, 237, 49, 'paid', '2022-03-11 07:08:15', '2014-12-27 19:59:04', '2023-09-13 11:32:05', '2023-09-13 11:32:05'),
(367, 331, 49, 'paid', '2016-12-14 07:15:15', '2019-09-07 21:24:55', '2023-09-13 11:32:05', '2023-09-13 11:32:05'),
(368, 814, 49, 'cancel', '2021-02-12 16:36:02', NULL, '2023-09-13 11:32:05', '2023-09-13 11:32:05'),
(369, 388, 49, 'paid', '2021-01-20 05:46:49', '2016-01-27 13:04:55', '2023-09-13 11:32:05', '2023-09-13 11:32:05'),
(370, 137, 49, 'billed', '2020-03-14 04:26:43', NULL, '2023-09-13 11:32:05', '2023-09-13 11:32:05'),
(371, 964, 50, 'cancel', '2015-03-30 17:52:03', NULL, '2023-09-13 11:32:05', '2023-09-13 11:32:05'),
(372, 775, 50, 'billed', '2021-12-14 22:21:07', NULL, '2023-09-13 11:32:05', '2023-09-13 11:32:05'),
(373, 310, 50, 'cancel', '2015-08-09 08:06:54', NULL, '2023-09-13 11:32:05', '2023-09-13 11:32:05'),
(374, 936, 50, 'cancel', '2015-02-17 11:07:14', NULL, '2023-09-13 11:32:05', '2023-09-13 11:32:05'),
(375, 304, 50, 'cancel', '2014-08-11 22:51:06', NULL, '2023-09-13 11:32:05', '2023-09-13 11:32:05'),
(376, 654, 51, 'billed', '2020-07-21 20:11:14', NULL, '2023-09-13 11:32:06', '2023-09-13 11:32:06'),
(377, 222, 51, 'cancel', '2014-09-25 12:54:37', NULL, '2023-09-13 11:32:06', '2023-09-13 11:32:06'),
(378, 852, 51, 'paid', '2016-10-18 20:23:36', '2021-06-04 19:58:40', '2023-09-13 11:32:06', '2023-09-13 11:32:06'),
(379, 789, 51, 'cancel', '2015-01-27 10:29:37', NULL, '2023-09-13 11:32:06', '2023-09-13 11:32:06'),
(380, 798, 51, 'cancel', '2022-02-27 06:17:12', NULL, '2023-09-13 11:32:06', '2023-09-13 11:32:06'),
(381, 186, 52, 'cancel', '2015-03-31 07:31:51', NULL, '2023-09-13 11:32:06', '2023-09-13 11:32:06'),
(382, 520, 52, 'billed', '2017-04-12 01:31:37', NULL, '2023-09-13 11:32:06', '2023-09-13 11:32:06'),
(383, 168, 52, 'paid', '2019-09-09 10:41:53', '2023-04-30 13:54:36', '2023-09-13 11:32:06', '2023-09-13 11:32:06'),
(384, 503, 52, 'billed', '2013-11-24 22:37:33', NULL, '2023-09-13 11:32:06', '2023-09-13 11:32:06'),
(385, 646, 52, 'paid', '2022-08-30 16:23:46', '2020-11-25 21:59:36', '2023-09-13 11:32:06', '2023-09-13 11:32:06'),
(386, 440, 53, 'cancel', '2020-01-20 09:59:23', NULL, '2023-09-13 11:32:06', '2023-09-13 11:32:06'),
(387, 371, 53, 'paid', '2019-02-25 12:33:49', '2014-10-01 04:15:50', '2023-09-13 11:32:06', '2023-09-13 11:32:06'),
(388, 371, 53, 'paid', '2019-06-30 00:29:25', '2016-01-19 04:02:30', '2023-09-13 11:32:06', '2023-09-13 11:32:06'),
(389, 258, 53, 'paid', '2014-09-06 06:48:04', '2023-04-05 15:03:16', '2023-09-13 11:32:06', '2023-09-13 11:32:06'),
(390, 453, 53, 'cancel', '2014-07-14 07:21:12', NULL, '2023-09-13 11:32:06', '2023-09-13 11:32:06'),
(391, 325, 54, 'billed', '2022-09-08 09:12:20', NULL, '2023-09-13 11:32:06', '2023-09-13 11:32:06'),
(392, 737, 54, 'cancel', '2016-05-26 15:26:58', NULL, '2023-09-13 11:32:06', '2023-09-13 11:32:06'),
(393, 952, 54, 'paid', '2020-11-22 22:01:00', '2022-07-01 05:28:12', '2023-09-13 11:32:06', '2023-09-13 11:32:06'),
(394, 573, 54, 'cancel', '2021-04-19 00:40:26', NULL, '2023-09-13 11:32:06', '2023-09-13 11:32:06'),
(395, 529, 54, 'paid', '2019-01-29 00:25:56', '2020-07-01 09:58:10', '2023-09-13 11:32:06', '2023-09-13 11:32:06'),
(396, 237, 55, 'cancel', '2023-09-12 12:22:47', NULL, '2023-09-13 11:32:06', '2023-09-13 11:32:06'),
(397, 673, 55, 'cancel', '2017-01-18 22:12:03', NULL, '2023-09-13 11:32:06', '2023-09-13 11:32:06'),
(398, 917, 55, 'paid', '2023-08-06 10:28:22', '2021-06-15 20:55:30', '2023-09-13 11:32:06', '2023-09-13 11:32:06'),
(399, 210, 55, 'billed', '2014-11-17 04:15:18', NULL, '2023-09-13 11:32:06', '2023-09-13 11:32:06'),
(400, 658, 55, 'billed', '2018-10-24 14:03:51', NULL, '2023-09-13 11:32:06', '2023-09-13 11:32:06'),
(401, 590, 56, 'paid', '2019-07-07 12:56:37', '2018-11-17 12:33:21', '2023-09-13 11:32:06', '2023-09-13 11:32:06'),
(402, 458, 56, 'billed', '2016-06-04 15:18:32', NULL, '2023-09-13 11:32:06', '2023-09-13 11:32:06'),
(403, 213, 56, 'paid', '2021-11-08 14:52:29', '2015-11-10 09:31:47', '2023-09-13 11:32:06', '2023-09-13 11:32:06'),
(404, 426, 56, 'paid', '2014-01-15 12:38:55', '2019-09-18 00:16:42', '2023-09-13 11:32:06', '2023-09-13 11:32:06'),
(405, 226, 56, 'cancel', '2021-03-25 18:40:50', NULL, '2023-09-13 11:32:06', '2023-09-13 11:32:06'),
(406, 288, 57, 'cancel', '2021-03-08 17:14:12', NULL, '2023-09-13 11:32:06', '2023-09-13 11:32:06'),
(407, 199, 57, 'paid', '2014-07-20 14:45:22', '2014-03-30 19:21:15', '2023-09-13 11:32:06', '2023-09-13 11:32:06'),
(408, 792, 57, 'cancel', '2016-09-25 10:17:45', NULL, '2023-09-13 11:32:06', '2023-09-13 11:32:06'),
(409, 295, 57, 'paid', '2016-03-20 14:07:41', '2023-07-04 14:17:41', '2023-09-13 11:32:06', '2023-09-13 11:32:06'),
(410, 300, 57, 'cancel', '2013-12-07 04:09:23', NULL, '2023-09-13 11:32:06', '2023-09-13 11:32:06'),
(411, 523, 58, 'cancel', '2018-11-02 01:11:57', NULL, '2023-09-13 11:32:06', '2023-09-13 11:32:06'),
(412, 715, 58, 'billed', '2022-07-12 08:01:02', NULL, '2023-09-13 11:32:06', '2023-09-13 11:32:06'),
(413, 914, 58, 'cancel', '2016-03-21 22:44:49', NULL, '2023-09-13 11:32:06', '2023-09-13 11:32:06'),
(414, 592, 58, 'cancel', '2020-06-18 08:03:27', NULL, '2023-09-13 11:32:06', '2023-09-13 11:32:06'),
(415, 992, 58, 'billed', '2020-03-11 00:15:17', NULL, '2023-09-13 11:32:06', '2023-09-13 11:32:06'),
(416, 241, 59, 'billed', '2023-07-06 20:53:28', NULL, '2023-09-13 11:32:06', '2023-09-13 11:32:06'),
(417, 194, 59, 'cancel', '2021-10-05 23:14:28', NULL, '2023-09-13 11:32:06', '2023-09-13 11:32:06'),
(418, 466, 59, 'billed', '2017-09-10 05:44:54', NULL, '2023-09-13 11:32:06', '2023-09-13 11:32:06'),
(419, 506, 59, 'cancel', '2022-07-10 09:06:30', NULL, '2023-09-13 11:32:06', '2023-09-13 11:32:06'),
(420, 560, 59, 'cancel', '2016-01-14 02:38:52', NULL, '2023-09-13 11:32:06', '2023-09-13 11:32:06'),
(421, 119, 60, 'billed', '2018-05-19 11:26:59', NULL, '2023-09-13 11:32:06', '2023-09-13 11:32:06'),
(422, 547, 60, 'cancel', '2020-01-12 10:53:06', NULL, '2023-09-13 11:32:06', '2023-09-13 11:32:06'),
(423, 118, 60, 'paid', '2023-03-17 00:45:30', '2020-08-01 00:11:53', '2023-09-13 11:32:06', '2023-09-13 11:32:06'),
(424, 803, 60, 'cancel', '2020-07-26 15:34:57', NULL, '2023-09-13 11:32:06', '2023-09-13 11:32:06'),
(425, 485, 60, 'cancel', '2020-09-27 11:13:38', NULL, '2023-09-13 11:32:06', '2023-09-13 11:32:06'),
(426, 203, 61, 'paid', '2023-04-20 03:46:27', '2019-11-27 14:09:20', '2023-09-13 11:32:06', '2023-09-13 11:32:06'),
(427, 106, 61, 'cancel', '2023-06-12 08:34:46', NULL, '2023-09-13 11:32:06', '2023-09-13 11:32:06'),
(428, 196, 61, 'billed', '2023-01-02 02:06:11', NULL, '2023-09-13 11:32:06', '2023-09-13 11:32:06'),
(429, 413, 61, 'billed', '2018-05-12 09:00:58', NULL, '2023-09-13 11:32:06', '2023-09-13 11:32:06'),
(430, 249, 61, 'paid', '2016-11-09 11:04:08', '2020-07-14 07:57:30', '2023-09-13 11:32:06', '2023-09-13 11:32:06'),
(431, 470, 62, 'billed', '2016-07-18 09:07:49', NULL, '2023-09-13 11:32:06', '2023-09-13 11:32:06'),
(432, 182, 62, 'paid', '2023-08-22 17:46:10', '2023-08-30 04:52:14', '2023-09-13 11:32:06', '2023-09-13 11:32:06'),
(433, 891, 62, 'billed', '2016-03-16 05:05:13', NULL, '2023-09-13 11:32:06', '2023-09-13 11:32:06'),
(434, 587, 62, 'cancel', '2016-06-30 21:59:42', NULL, '2023-09-13 11:32:06', '2023-09-13 11:32:06'),
(435, 437, 62, 'billed', '2022-02-25 22:53:37', NULL, '2023-09-13 11:32:06', '2023-09-13 11:32:06'),
(436, 243, 63, 'paid', '2022-01-17 16:04:39', '2015-04-08 20:43:18', '2023-09-13 11:32:06', '2023-09-13 11:32:06'),
(437, 483, 63, 'cancel', '2018-04-09 06:45:06', NULL, '2023-09-13 11:32:06', '2023-09-13 11:32:06'),
(438, 219, 63, 'cancel', '2017-06-16 00:14:49', NULL, '2023-09-13 11:32:06', '2023-09-13 11:32:06'),
(439, 590, 63, 'cancel', '2018-03-08 04:01:41', NULL, '2023-09-13 11:32:06', '2023-09-13 11:32:06'),
(440, 109, 63, 'billed', '2018-02-09 08:57:55', NULL, '2023-09-13 11:32:06', '2023-09-13 11:32:06'),
(441, 621, 64, 'billed', '2022-12-27 05:56:37', NULL, '2023-09-13 11:32:06', '2023-09-13 11:32:06'),
(442, 626, 64, 'paid', '2019-06-10 07:24:33', '2017-07-17 00:46:34', '2023-09-13 11:32:06', '2023-09-13 11:32:06'),
(443, 901, 64, 'cancel', '2019-09-13 08:37:57', NULL, '2023-09-13 11:32:06', '2023-09-13 11:32:06'),
(444, 681, 64, 'billed', '2018-08-14 21:03:48', NULL, '2023-09-13 11:32:06', '2023-09-13 11:32:06'),
(445, 757, 64, 'billed', '2019-05-24 04:16:54', NULL, '2023-09-13 11:32:06', '2023-09-13 11:32:06'),
(446, 901, 65, 'paid', '2015-08-16 00:22:40', '2015-03-14 11:43:12', '2023-09-13 11:32:06', '2023-09-13 11:32:06'),
(447, 442, 65, 'cancel', '2017-04-06 16:45:27', NULL, '2023-09-13 11:32:06', '2023-09-13 11:32:06'),
(448, 729, 65, 'paid', '2020-06-29 03:25:53', '2023-01-02 13:06:55', '2023-09-13 11:32:06', '2023-09-13 11:32:06'),
(449, 268, 65, 'cancel', '2020-12-02 00:39:46', NULL, '2023-09-13 11:32:06', '2023-09-13 11:32:06'),
(450, 132, 65, 'billed', '2022-12-23 22:42:49', NULL, '2023-09-13 11:32:06', '2023-09-13 11:32:06'),
(451, 894, 66, 'paid', '2020-10-11 12:23:23', '2021-12-02 17:12:45', '2023-09-13 11:32:06', '2023-09-13 11:32:06'),
(452, 541, 66, 'billed', '2015-03-10 21:39:59', NULL, '2023-09-13 11:32:06', '2023-09-13 11:32:06'),
(453, 946, 66, 'paid', '2018-01-17 18:53:14', '2021-05-19 14:49:30', '2023-09-13 11:32:06', '2023-09-13 11:32:06'),
(454, 580, 66, 'paid', '2023-01-05 03:18:38', '2020-03-28 08:40:21', '2023-09-13 11:32:06', '2023-09-13 11:32:06'),
(455, 768, 66, 'cancel', '2022-07-12 05:33:48', NULL, '2023-09-13 11:32:06', '2023-09-13 11:32:06'),
(456, 386, 67, 'billed', '2019-08-08 08:54:10', NULL, '2023-09-13 11:32:06', '2023-09-13 11:32:06'),
(457, 787, 67, 'cancel', '2019-05-12 11:29:37', NULL, '2023-09-13 11:32:06', '2023-09-13 11:32:06'),
(458, 195, 67, 'paid', '2021-05-13 12:42:46', '2023-05-29 05:40:06', '2023-09-13 11:32:06', '2023-09-13 11:32:06'),
(459, 810, 67, 'billed', '2017-03-30 15:11:44', NULL, '2023-09-13 11:32:06', '2023-09-13 11:32:06'),
(460, 661, 67, 'cancel', '2013-11-15 14:00:20', NULL, '2023-09-13 11:32:06', '2023-09-13 11:32:06'),
(461, 900, 68, 'cancel', '2022-01-08 04:14:00', NULL, '2023-09-13 11:32:06', '2023-09-13 11:32:06'),
(462, 218, 68, 'cancel', '2020-04-26 22:06:48', NULL, '2023-09-13 11:32:06', '2023-09-13 11:32:06'),
(463, 345, 68, 'paid', '2013-12-06 23:12:08', '2017-04-13 10:58:47', '2023-09-13 11:32:06', '2023-09-13 11:32:06'),
(464, 342, 68, 'billed', '2019-01-06 01:43:57', NULL, '2023-09-13 11:32:06', '2023-09-13 11:32:06'),
(465, 806, 68, 'cancel', '2020-06-24 21:48:15', NULL, '2023-09-13 11:32:06', '2023-09-13 11:32:06'),
(466, 487, 69, 'paid', '2014-08-16 19:49:07', '2016-10-22 13:00:23', '2023-09-13 11:32:06', '2023-09-13 11:32:06'),
(467, 277, 69, 'billed', '2017-10-18 08:27:03', NULL, '2023-09-13 11:32:06', '2023-09-13 11:32:06'),
(468, 516, 69, 'paid', '2020-08-25 10:21:01', '2022-02-09 08:42:16', '2023-09-13 11:32:06', '2023-09-13 11:32:06'),
(469, 745, 69, 'paid', '2016-07-18 11:09:15', '2014-12-20 01:09:45', '2023-09-13 11:32:06', '2023-09-13 11:32:06'),
(470, 787, 69, 'billed', '2016-08-20 19:06:24', NULL, '2023-09-13 11:32:06', '2023-09-13 11:32:06'),
(471, 802, 70, 'billed', '2019-05-11 08:04:51', NULL, '2023-09-13 11:32:06', '2023-09-13 11:32:06'),
(472, 439, 70, 'cancel', '2013-11-03 02:00:53', NULL, '2023-09-13 11:32:06', '2023-09-13 11:32:06'),
(473, 254, 70, 'billed', '2020-06-06 05:44:24', NULL, '2023-09-13 11:32:06', '2023-09-13 11:32:06'),
(474, 323, 70, 'paid', '2016-12-03 12:35:41', '2021-11-06 10:35:27', '2023-09-13 11:32:06', '2023-09-13 11:32:06'),
(475, 399, 70, 'billed', '2014-08-01 06:24:02', NULL, '2023-09-13 11:32:06', '2023-09-13 11:32:06'),
(476, 809, 71, 'paid', '2022-11-18 01:54:40', '2013-09-15 19:18:38', '2023-09-13 11:32:06', '2023-09-13 11:32:06'),
(477, 365, 71, 'paid', '2016-05-23 19:23:43', '2014-10-16 18:16:25', '2023-09-13 11:32:06', '2023-09-13 11:32:06'),
(478, 511, 71, 'cancel', '2015-01-09 00:18:54', NULL, '2023-09-13 11:32:06', '2023-09-13 11:32:06'),
(479, 875, 71, 'cancel', '2017-12-01 23:54:24', NULL, '2023-09-13 11:32:06', '2023-09-13 11:32:06'),
(480, 861, 71, 'cancel', '2014-06-18 05:39:21', NULL, '2023-09-13 11:32:06', '2023-09-13 11:32:06'),
(481, 121, 72, 'cancel', '2013-12-10 02:17:30', NULL, '2023-09-13 11:32:06', '2023-09-13 11:32:06');
INSERT INTO `invoices` (`id`, `amount`, `customer_id`, `status`, `Billed_date`, `paided_date`, `created_at`, `updated_at`) VALUES
(482, 596, 72, 'billed', '2023-03-06 01:52:29', NULL, '2023-09-13 11:32:06', '2023-09-13 11:32:06'),
(483, 381, 72, 'paid', '2015-06-05 05:39:53', '2016-12-08 19:07:58', '2023-09-13 11:32:06', '2023-09-13 11:32:06'),
(484, 551, 72, 'paid', '2017-10-24 10:31:14', '2023-08-05 10:43:48', '2023-09-13 11:32:07', '2023-09-13 11:32:07'),
(485, 855, 72, 'paid', '2020-03-23 03:45:49', '2023-04-27 21:52:34', '2023-09-13 11:32:07', '2023-09-13 11:32:07'),
(486, 100, 73, 'paid', '2023-09-11 03:48:26', '2017-02-06 09:47:20', '2023-09-13 11:32:07', '2023-09-13 11:32:07'),
(487, 845, 73, 'cancel', '2014-11-25 06:07:47', NULL, '2023-09-13 11:32:07', '2023-09-13 11:32:07'),
(488, 140, 73, 'cancel', '2020-01-25 23:52:33', NULL, '2023-09-13 11:32:07', '2023-09-13 11:32:07'),
(489, 173, 73, 'cancel', '2017-12-23 21:34:53', NULL, '2023-09-13 11:32:07', '2023-09-13 11:32:07'),
(490, 129, 73, 'billed', '2023-06-04 18:16:16', NULL, '2023-09-13 11:32:07', '2023-09-13 11:32:07'),
(491, 603, 74, 'paid', '2016-06-11 20:01:55', '2022-12-11 11:04:02', '2023-09-13 11:32:07', '2023-09-13 11:32:07'),
(492, 204, 74, 'paid', '2017-12-27 08:59:50', '2018-10-31 22:49:11', '2023-09-13 11:32:07', '2023-09-13 11:32:07'),
(493, 646, 74, 'cancel', '2019-06-13 03:42:20', NULL, '2023-09-13 11:32:07', '2023-09-13 11:32:07'),
(494, 625, 74, 'cancel', '2013-09-29 02:57:09', NULL, '2023-09-13 11:32:07', '2023-09-13 11:32:07'),
(495, 867, 74, 'paid', '2014-06-06 13:12:32', '2021-05-29 08:15:51', '2023-09-13 11:32:07', '2023-09-13 11:32:07'),
(496, 359, 75, 'cancel', '2016-05-21 21:39:35', NULL, '2023-09-13 11:32:07', '2023-09-13 11:32:07'),
(497, 897, 75, 'cancel', '2020-01-29 03:51:19', NULL, '2023-09-13 11:32:07', '2023-09-13 11:32:07'),
(498, 1000, 75, 'cancel', '2022-03-28 06:19:10', NULL, '2023-09-13 11:32:07', '2023-09-13 11:32:07'),
(499, 656, 75, 'cancel', '2016-05-07 12:14:55', NULL, '2023-09-13 11:32:07', '2023-09-13 11:32:07'),
(500, 719, 75, 'paid', '2023-05-05 04:59:23', '2014-01-25 12:50:07', '2023-09-13 11:32:07', '2023-09-13 11:32:07'),
(501, 422, 76, 'cancel', '2016-10-23 04:45:15', NULL, '2023-09-13 11:32:07', '2023-09-13 11:32:07'),
(502, 912, 76, 'paid', '2018-07-14 09:56:16', '2016-12-07 15:13:05', '2023-09-13 11:32:07', '2023-09-13 11:32:07'),
(503, 172, 76, 'paid', '2019-03-01 19:26:32', '2023-06-29 22:40:17', '2023-09-13 11:32:07', '2023-09-13 11:32:07'),
(504, 736, 76, 'cancel', '2023-03-22 14:17:47', NULL, '2023-09-13 11:32:07', '2023-09-13 11:32:07'),
(505, 411, 76, 'paid', '2021-03-25 01:00:17', '2014-04-03 09:55:53', '2023-09-13 11:32:07', '2023-09-13 11:32:07'),
(506, 402, 77, 'cancel', '2020-05-17 14:01:07', NULL, '2023-09-13 11:32:07', '2023-09-13 11:32:07'),
(507, 825, 77, 'paid', '2023-05-30 19:24:09', '2022-01-30 04:33:14', '2023-09-13 11:32:07', '2023-09-13 11:32:07'),
(508, 474, 77, 'cancel', '2020-01-16 23:40:45', NULL, '2023-09-13 11:32:07', '2023-09-13 11:32:07'),
(509, 623, 77, 'paid', '2022-12-11 10:00:56', '2017-07-28 19:47:26', '2023-09-13 11:32:07', '2023-09-13 11:32:07'),
(510, 351, 77, 'paid', '2021-01-17 15:10:37', '2021-03-23 02:31:44', '2023-09-13 11:32:07', '2023-09-13 11:32:07'),
(511, 357, 78, 'paid', '2016-03-05 00:46:45', '2018-12-17 03:38:43', '2023-09-13 11:32:07', '2023-09-13 11:32:07'),
(512, 260, 78, 'paid', '2021-11-22 23:43:04', '2019-07-13 06:12:34', '2023-09-13 11:32:07', '2023-09-13 11:32:07'),
(513, 980, 78, 'cancel', '2022-09-17 23:53:08', NULL, '2023-09-13 11:32:07', '2023-09-13 11:32:07'),
(514, 333, 78, 'paid', '2019-12-11 18:58:41', '2014-09-30 22:13:44', '2023-09-13 11:32:07', '2023-09-13 11:32:07'),
(515, 372, 78, 'paid', '2019-11-24 22:19:19', '2017-04-03 13:27:40', '2023-09-13 11:32:07', '2023-09-13 11:32:07'),
(516, 327, 79, 'billed', '2014-06-27 02:04:02', NULL, '2023-09-13 11:32:07', '2023-09-13 11:32:07'),
(517, 460, 79, 'cancel', '2015-06-16 21:04:06', NULL, '2023-09-13 11:32:07', '2023-09-13 11:32:07'),
(518, 201, 79, 'billed', '2022-03-12 18:30:19', NULL, '2023-09-13 11:32:07', '2023-09-13 11:32:07'),
(519, 539, 79, 'paid', '2016-11-01 01:20:00', '2019-05-17 10:02:36', '2023-09-13 11:32:07', '2023-09-13 11:32:07'),
(520, 554, 79, 'billed', '2021-08-31 18:02:02', NULL, '2023-09-13 11:32:07', '2023-09-13 11:32:07'),
(521, 768, 80, 'paid', '2023-01-16 04:12:25', '2020-04-18 04:52:22', '2023-09-13 11:32:07', '2023-09-13 11:32:07'),
(522, 652, 80, 'cancel', '2022-11-10 02:35:45', NULL, '2023-09-13 11:32:07', '2023-09-13 11:32:07'),
(523, 923, 80, 'paid', '2013-12-31 05:08:25', '2015-07-08 14:42:14', '2023-09-13 11:32:07', '2023-09-13 11:32:07'),
(524, 264, 80, 'paid', '2023-06-03 01:41:16', '2020-02-10 01:17:29', '2023-09-13 11:32:07', '2023-09-13 11:32:07'),
(525, 278, 80, 'paid', '2016-07-19 05:58:46', '2020-08-17 11:10:19', '2023-09-13 11:32:07', '2023-09-13 11:32:07'),
(526, 690, 81, 'paid', '2016-06-01 12:35:14', '2020-07-16 04:20:59', '2023-09-13 11:32:07', '2023-09-13 11:32:07'),
(527, 442, 81, 'billed', '2020-09-03 20:31:37', NULL, '2023-09-13 11:32:07', '2023-09-13 11:32:07'),
(528, 500, 81, 'cancel', '2016-08-23 08:11:36', NULL, '2023-09-13 11:32:07', '2023-09-13 11:32:07'),
(529, 599, 81, 'billed', '2021-04-29 12:01:05', NULL, '2023-09-13 11:32:07', '2023-09-13 11:32:07'),
(530, 632, 81, 'cancel', '2015-05-17 05:22:56', NULL, '2023-09-13 11:32:07', '2023-09-13 11:32:07'),
(531, 327, 82, 'billed', '2019-07-17 03:50:32', NULL, '2023-09-13 11:32:07', '2023-09-13 11:32:07'),
(532, 388, 82, 'cancel', '2022-02-11 11:47:54', NULL, '2023-09-13 11:32:07', '2023-09-13 11:32:07'),
(533, 255, 82, 'billed', '2017-12-16 08:56:54', NULL, '2023-09-13 11:32:07', '2023-09-13 11:32:07'),
(534, 583, 82, 'cancel', '2019-03-04 13:50:06', NULL, '2023-09-13 11:32:07', '2023-09-13 11:32:07'),
(535, 646, 82, 'paid', '2020-02-13 09:42:21', '2014-07-03 15:28:31', '2023-09-13 11:32:07', '2023-09-13 11:32:07'),
(536, 374, 83, 'billed', '2022-07-13 06:43:33', NULL, '2023-09-13 11:32:07', '2023-09-13 11:32:07'),
(537, 507, 83, 'cancel', '2021-05-18 16:11:00', NULL, '2023-09-13 11:32:07', '2023-09-13 11:32:07'),
(538, 112, 83, 'paid', '2017-11-14 14:34:14', '2015-02-01 03:25:51', '2023-09-13 11:32:07', '2023-09-13 11:32:07'),
(539, 294, 83, 'cancel', '2023-06-22 00:08:03', NULL, '2023-09-13 11:32:07', '2023-09-13 11:32:07'),
(540, 310, 83, 'cancel', '2014-10-08 22:07:39', NULL, '2023-09-13 11:32:07', '2023-09-13 11:32:07'),
(541, 580, 84, 'paid', '2023-08-26 05:17:12', '2015-02-08 20:55:23', '2023-09-13 11:32:07', '2023-09-13 11:32:07'),
(542, 286, 84, 'paid', '2018-04-20 11:14:30', '2017-10-08 05:49:18', '2023-09-13 11:32:07', '2023-09-13 11:32:07'),
(543, 130, 84, 'billed', '2022-01-15 05:49:08', NULL, '2023-09-13 11:32:07', '2023-09-13 11:32:07'),
(544, 750, 84, 'cancel', '2017-10-03 01:57:14', NULL, '2023-09-13 11:32:07', '2023-09-13 11:32:07'),
(545, 459, 84, 'paid', '2021-06-17 10:23:39', '2021-09-12 08:52:14', '2023-09-13 11:32:07', '2023-09-13 11:32:07'),
(546, 690, 85, 'billed', '2020-03-06 13:10:20', NULL, '2023-09-13 11:32:07', '2023-09-13 11:32:07'),
(547, 507, 85, 'billed', '2021-06-11 02:53:53', NULL, '2023-09-13 11:32:07', '2023-09-13 11:32:07'),
(548, 353, 85, 'cancel', '2023-05-05 05:10:09', NULL, '2023-09-13 11:32:07', '2023-09-13 11:32:07'),
(549, 867, 85, 'cancel', '2022-09-23 11:41:40', NULL, '2023-09-13 11:32:07', '2023-09-13 11:32:07'),
(550, 454, 85, 'cancel', '2018-11-15 21:06:32', NULL, '2023-09-13 11:32:07', '2023-09-13 11:32:07'),
(551, 693, 86, 'billed', '2020-01-23 02:24:45', NULL, '2023-09-13 11:32:07', '2023-09-13 11:32:07'),
(552, 840, 86, 'paid', '2022-08-19 19:38:39', '2023-04-05 00:48:17', '2023-09-13 11:32:07', '2023-09-13 11:32:07'),
(553, 918, 86, 'paid', '2016-05-02 12:15:45', '2021-07-29 14:18:05', '2023-09-13 11:32:07', '2023-09-13 11:32:07'),
(554, 777, 86, 'paid', '2018-10-22 09:22:38', '2019-11-27 22:21:02', '2023-09-13 11:32:07', '2023-09-13 11:32:07'),
(555, 684, 86, 'billed', '2015-05-22 01:28:38', NULL, '2023-09-13 11:32:07', '2023-09-13 11:32:07'),
(556, 468, 87, 'billed', '2016-01-09 19:09:32', NULL, '2023-09-13 11:32:07', '2023-09-13 11:32:07'),
(557, 997, 87, 'cancel', '2021-11-01 11:01:53', NULL, '2023-09-13 11:32:07', '2023-09-13 11:32:07'),
(558, 287, 87, 'billed', '2015-03-10 21:22:49', NULL, '2023-09-13 11:32:07', '2023-09-13 11:32:07'),
(559, 440, 87, 'billed', '2022-12-29 04:10:44', NULL, '2023-09-13 11:32:07', '2023-09-13 11:32:07'),
(560, 696, 87, 'cancel', '2013-10-19 00:25:31', NULL, '2023-09-13 11:32:07', '2023-09-13 11:32:07'),
(561, 765, 88, 'billed', '2015-05-11 03:55:52', NULL, '2023-09-13 11:32:07', '2023-09-13 11:32:07'),
(562, 179, 88, 'paid', '2016-12-18 10:55:25', '2019-09-24 18:17:53', '2023-09-13 11:32:07', '2023-09-13 11:32:07'),
(563, 927, 88, 'cancel', '2014-05-21 14:13:07', NULL, '2023-09-13 11:32:07', '2023-09-13 11:32:07'),
(564, 661, 88, 'paid', '2014-12-10 11:58:42', '2019-01-03 19:37:41', '2023-09-13 11:32:07', '2023-09-13 11:32:07'),
(565, 196, 88, 'paid', '2016-05-28 03:20:31', '2017-07-12 10:48:42', '2023-09-13 11:32:07', '2023-09-13 11:32:07'),
(566, 218, 89, 'paid', '2023-07-04 22:46:35', '2020-08-18 01:56:52', '2023-09-13 11:32:07', '2023-09-13 11:32:07'),
(567, 342, 89, 'cancel', '2021-09-05 23:55:46', NULL, '2023-09-13 11:32:07', '2023-09-13 11:32:07'),
(568, 136, 89, 'billed', '2020-12-08 14:13:00', NULL, '2023-09-13 11:32:07', '2023-09-13 11:32:07'),
(569, 591, 89, 'cancel', '2017-01-01 13:45:07', NULL, '2023-09-13 11:32:07', '2023-09-13 11:32:07'),
(570, 129, 89, 'cancel', '2015-09-19 03:20:20', NULL, '2023-09-13 11:32:07', '2023-09-13 11:32:07'),
(571, 833, 90, 'cancel', '2017-01-01 16:24:58', NULL, '2023-09-13 11:32:07', '2023-09-13 11:32:07'),
(572, 291, 90, 'paid', '2014-11-18 12:41:37', '2018-07-25 11:40:08', '2023-09-13 11:32:07', '2023-09-13 11:32:07'),
(573, 844, 90, 'cancel', '2018-11-23 19:58:18', NULL, '2023-09-13 11:32:07', '2023-09-13 11:32:07'),
(574, 788, 90, 'cancel', '2020-08-20 06:52:24', NULL, '2023-09-13 11:32:07', '2023-09-13 11:32:07'),
(575, 864, 90, 'billed', '2021-06-15 18:15:09', NULL, '2023-09-13 11:32:07', '2023-09-13 11:32:07'),
(576, 643, 91, 'cancel', '2021-03-03 21:45:35', NULL, '2023-09-13 11:32:07', '2023-09-13 11:32:07'),
(577, 778, 91, 'cancel', '2021-05-07 04:09:16', NULL, '2023-09-13 11:32:07', '2023-09-13 11:32:07'),
(578, 967, 91, 'cancel', '2018-09-12 08:43:17', NULL, '2023-09-13 11:32:07', '2023-09-13 11:32:07'),
(579, 167, 91, 'billed', '2023-09-11 23:45:18', NULL, '2023-09-13 11:32:07', '2023-09-13 11:32:07'),
(580, 949, 91, 'paid', '2021-12-02 04:31:13', '2018-10-15 18:54:16', '2023-09-13 11:32:07', '2023-09-13 11:32:07'),
(581, 796, 92, 'paid', '2017-06-01 05:35:11', '2018-09-04 12:37:31', '2023-09-13 11:32:07', '2023-09-13 11:32:07'),
(582, 728, 92, 'cancel', '2020-03-20 08:32:32', NULL, '2023-09-13 11:32:07', '2023-09-13 11:32:07'),
(583, 431, 92, 'cancel', '2021-05-06 18:56:19', NULL, '2023-09-13 11:32:07', '2023-09-13 11:32:07'),
(584, 294, 92, 'billed', '2022-06-20 01:23:56', NULL, '2023-09-13 11:32:07', '2023-09-13 11:32:07'),
(585, 110, 92, 'cancel', '2018-12-05 18:24:38', NULL, '2023-09-13 11:32:07', '2023-09-13 11:32:07'),
(586, 795, 93, 'billed', '2018-06-04 05:59:51', NULL, '2023-09-13 11:32:07', '2023-09-13 11:32:07'),
(587, 925, 93, 'billed', '2018-08-22 09:46:15', NULL, '2023-09-13 11:32:07', '2023-09-13 11:32:07'),
(588, 635, 93, 'cancel', '2017-02-10 15:07:04', NULL, '2023-09-13 11:32:07', '2023-09-13 11:32:07'),
(589, 281, 93, 'billed', '2019-08-16 21:11:39', NULL, '2023-09-13 11:32:07', '2023-09-13 11:32:07'),
(590, 472, 93, 'paid', '2017-03-27 10:39:02', '2015-10-28 09:35:37', '2023-09-13 11:32:07', '2023-09-13 11:32:07'),
(591, 859, 94, 'billed', '2023-04-16 12:47:00', NULL, '2023-09-13 11:32:07', '2023-09-13 11:32:07'),
(592, 810, 94, 'paid', '2014-07-14 19:38:58', '2015-01-03 16:45:30', '2023-09-13 11:32:07', '2023-09-13 11:32:07'),
(593, 581, 94, 'cancel', '2017-01-24 18:35:36', NULL, '2023-09-13 11:32:07', '2023-09-13 11:32:07'),
(594, 457, 94, 'billed', '2020-12-28 07:19:08', NULL, '2023-09-13 11:32:07', '2023-09-13 11:32:07'),
(595, 567, 94, 'cancel', '2019-01-31 18:47:09', NULL, '2023-09-13 11:32:07', '2023-09-13 11:32:07'),
(596, 551, 95, 'paid', '2021-06-13 04:23:01', '2018-07-09 03:39:41', '2023-09-13 11:32:07', '2023-09-13 11:32:07'),
(597, 805, 95, 'cancel', '2023-06-20 03:31:31', NULL, '2023-09-13 11:32:07', '2023-09-13 11:32:07'),
(598, 917, 95, 'paid', '2019-05-03 00:35:55', '2019-12-28 13:03:29', '2023-09-13 11:32:07', '2023-09-13 11:32:07'),
(599, 182, 95, 'paid', '2021-06-12 02:05:02', '2014-05-07 05:09:19', '2023-09-13 11:32:08', '2023-09-13 11:32:08'),
(600, 903, 95, 'billed', '2013-09-21 23:21:49', NULL, '2023-09-13 11:32:08', '2023-09-13 11:32:08'),
(601, 656, 96, 'cancel', '2014-06-24 18:20:48', NULL, '2023-09-13 11:32:08', '2023-09-13 11:32:08'),
(602, 396, 96, 'cancel', '2022-12-30 06:16:19', NULL, '2023-09-13 11:32:08', '2023-09-13 11:32:08'),
(603, 321, 96, 'billed', '2015-05-15 12:37:28', NULL, '2023-09-13 11:32:08', '2023-09-13 11:32:08'),
(604, 898, 96, 'cancel', '2018-07-15 01:41:47', NULL, '2023-09-13 11:32:08', '2023-09-13 11:32:08'),
(605, 244, 96, 'paid', '2016-07-10 23:38:55', '2021-03-09 09:20:54', '2023-09-13 11:32:08', '2023-09-13 11:32:08'),
(606, 358, 97, 'cancel', '2019-03-15 05:11:17', NULL, '2023-09-13 11:32:08', '2023-09-13 11:32:08'),
(607, 344, 97, 'cancel', '2019-07-09 00:14:54', NULL, '2023-09-13 11:32:08', '2023-09-13 11:32:08'),
(608, 143, 97, 'billed', '2014-12-20 02:18:22', NULL, '2023-09-13 11:32:08', '2023-09-13 11:32:08'),
(609, 416, 97, 'billed', '2019-12-23 20:25:34', NULL, '2023-09-13 11:32:08', '2023-09-13 11:32:08'),
(610, 836, 97, 'billed', '2018-04-27 09:27:56', NULL, '2023-09-13 11:32:08', '2023-09-13 11:32:08'),
(611, 281, 98, 'cancel', '2019-04-26 14:15:08', NULL, '2023-09-13 11:32:08', '2023-09-13 11:32:08'),
(612, 117, 98, 'cancel', '2018-10-05 02:29:18', NULL, '2023-09-13 11:32:08', '2023-09-13 11:32:08'),
(613, 353, 98, 'cancel', '2017-09-01 07:26:42', NULL, '2023-09-13 11:32:08', '2023-09-13 11:32:08'),
(614, 902, 98, 'paid', '2023-05-26 18:45:45', '2021-07-09 00:53:52', '2023-09-13 11:32:08', '2023-09-13 11:32:08'),
(615, 885, 98, 'cancel', '2021-09-10 08:04:48', NULL, '2023-09-13 11:32:08', '2023-09-13 11:32:08'),
(616, 285, 99, 'cancel', '2019-05-05 07:39:56', NULL, '2023-09-13 11:32:08', '2023-09-13 11:32:08'),
(617, 721, 99, 'paid', '2021-02-14 07:35:59', '2014-09-29 02:08:52', '2023-09-13 11:32:08', '2023-09-13 11:32:08'),
(618, 107, 99, 'cancel', '2014-05-12 13:05:09', NULL, '2023-09-13 11:32:08', '2023-09-13 11:32:08'),
(619, 129, 99, 'cancel', '2017-12-29 23:26:32', NULL, '2023-09-13 11:32:08', '2023-09-13 11:32:08'),
(620, 678, 99, 'paid', '2017-05-14 20:18:52', '2022-01-31 21:03:11', '2023-09-13 11:32:08', '2023-09-13 11:32:08'),
(621, 844, 100, 'paid', '2020-11-27 14:43:39', '2023-07-26 08:40:46', '2023-09-13 11:32:08', '2023-09-13 11:32:08'),
(622, 220, 100, 'paid', '2019-12-01 13:52:47', '2016-06-15 10:14:05', '2023-09-13 11:32:08', '2023-09-13 11:32:08'),
(623, 951, 100, 'paid', '2023-06-30 05:59:38', '2018-07-11 13:53:48', '2023-09-13 11:32:08', '2023-09-13 11:32:08'),
(624, 426, 100, 'billed', '2013-09-20 18:56:04', NULL, '2023-09-13 11:32:08', '2023-09-13 11:32:08'),
(625, 578, 100, 'billed', '2023-03-17 00:22:38', NULL, '2023-09-13 11:32:08', '2023-09-13 11:32:08'),
(626, 922, 101, 'billed', '2018-08-09 11:06:23', NULL, '2023-09-13 11:32:08', '2023-09-13 11:32:08'),
(627, 139, 101, 'cancel', '2017-03-21 00:24:00', NULL, '2023-09-13 11:32:08', '2023-09-13 11:32:08'),
(628, 604, 101, 'cancel', '2016-11-23 18:42:42', NULL, '2023-09-13 11:32:08', '2023-09-13 11:32:08'),
(629, 260, 102, 'cancel', '2017-10-03 14:24:01', NULL, '2023-09-13 11:32:08', '2023-09-13 11:32:08'),
(630, 835, 102, 'billed', '2013-10-15 16:50:51', NULL, '2023-09-13 11:32:08', '2023-09-13 11:32:08'),
(631, 365, 102, 'billed', '2020-01-12 01:15:24', NULL, '2023-09-13 11:32:08', '2023-09-13 11:32:08'),
(632, 670, 103, 'cancel', '2016-07-07 06:39:47', NULL, '2023-09-13 11:32:08', '2023-09-13 11:32:08'),
(633, 318, 103, 'billed', '2016-08-25 03:25:45', NULL, '2023-09-13 11:32:08', '2023-09-13 11:32:08'),
(634, 607, 103, 'billed', '2021-09-12 03:32:23', NULL, '2023-09-13 11:32:08', '2023-09-13 11:32:08'),
(635, 283, 104, 'paid', '2013-09-19 23:53:01', '2013-09-14 15:42:49', '2023-09-13 11:32:08', '2023-09-13 11:32:08'),
(636, 954, 104, 'paid', '2016-01-27 04:45:35', '2020-09-01 14:06:25', '2023-09-13 11:32:08', '2023-09-13 11:32:08'),
(637, 405, 104, 'billed', '2019-01-16 17:37:24', NULL, '2023-09-13 11:32:08', '2023-09-13 11:32:08'),
(638, 264, 105, 'cancel', '2021-09-15 08:15:58', NULL, '2023-09-13 11:32:08', '2023-09-13 11:32:08'),
(639, 738, 105, 'billed', '2016-08-25 04:57:41', NULL, '2023-09-13 11:32:08', '2023-09-13 11:32:08'),
(640, 539, 105, 'paid', '2015-07-07 01:29:49', '2015-01-19 22:20:56', '2023-09-13 11:32:08', '2023-09-13 11:32:08'),
(641, 123, 106, 'billed', '2021-07-25 01:20:07', NULL, '2023-09-13 11:32:08', '2023-09-13 11:32:08'),
(642, 722, 106, 'cancel', '2019-08-06 06:42:41', NULL, '2023-09-13 11:32:08', '2023-09-13 11:32:08'),
(643, 807, 106, 'billed', '2020-03-09 17:23:12', NULL, '2023-09-13 11:32:08', '2023-09-13 11:32:08'),
(644, 949, 107, 'paid', '2019-08-15 06:14:29', '2020-02-25 23:40:00', '2023-09-13 11:32:08', '2023-09-13 11:32:08'),
(645, 513, 107, 'billed', '2015-12-08 06:25:13', NULL, '2023-09-13 11:32:08', '2023-09-13 11:32:08'),
(646, 457, 107, 'paid', '2021-03-18 08:37:40', '2021-04-08 04:22:43', '2023-09-13 11:32:08', '2023-09-13 11:32:08'),
(647, 460, 108, 'cancel', '2013-12-09 08:32:45', NULL, '2023-09-13 11:32:08', '2023-09-13 11:32:08'),
(648, 691, 108, 'billed', '2015-06-06 19:43:59', NULL, '2023-09-13 11:32:08', '2023-09-13 11:32:08'),
(649, 870, 108, 'paid', '2014-04-26 15:14:36', '2015-04-23 19:46:02', '2023-09-13 11:32:08', '2023-09-13 11:32:08'),
(650, 744, 109, 'billed', '2015-09-24 18:05:02', NULL, '2023-09-13 11:32:08', '2023-09-13 11:32:08'),
(651, 453, 109, 'paid', '2017-07-21 00:23:27', '2016-06-14 14:22:30', '2023-09-13 11:32:08', '2023-09-13 11:32:08'),
(652, 293, 109, 'paid', '2021-05-03 16:04:08', '2020-11-09 11:23:09', '2023-09-13 11:32:08', '2023-09-13 11:32:08'),
(653, 521, 110, 'billed', '2013-11-23 03:55:19', NULL, '2023-09-13 11:32:08', '2023-09-13 11:32:08'),
(654, 441, 110, 'cancel', '2016-11-26 17:10:48', NULL, '2023-09-13 11:32:08', '2023-09-13 11:32:08'),
(655, 354, 110, 'cancel', '2021-01-08 23:06:24', NULL, '2023-09-13 11:32:08', '2023-09-13 11:32:08'),
(656, 284, 111, 'billed', '2016-07-22 11:57:17', NULL, '2023-09-13 11:32:08', '2023-09-13 11:32:08'),
(657, 745, 111, 'billed', '2015-08-02 07:36:11', NULL, '2023-09-13 11:32:08', '2023-09-13 11:32:08'),
(658, 551, 111, 'billed', '2019-11-20 21:42:02', NULL, '2023-09-13 11:32:08', '2023-09-13 11:32:08'),
(659, 105, 112, 'cancel', '2023-04-29 09:42:11', NULL, '2023-09-13 11:32:08', '2023-09-13 11:32:08'),
(660, 617, 112, 'billed', '2014-07-29 12:54:26', NULL, '2023-09-13 11:32:08', '2023-09-13 11:32:08'),
(661, 948, 112, 'paid', '2016-11-27 04:35:55', '2022-05-16 10:20:51', '2023-09-13 11:32:08', '2023-09-13 11:32:08'),
(662, 811, 113, 'cancel', '2021-04-28 06:33:26', NULL, '2023-09-13 11:32:08', '2023-09-13 11:32:08'),
(663, 399, 113, 'billed', '2022-07-21 19:43:51', NULL, '2023-09-13 11:32:08', '2023-09-13 11:32:08'),
(664, 565, 113, 'billed', '2021-03-12 02:00:56', NULL, '2023-09-13 11:32:08', '2023-09-13 11:32:08'),
(665, 750, 114, 'billed', '2018-06-15 20:25:27', NULL, '2023-09-13 11:32:08', '2023-09-13 11:32:08'),
(666, 552, 114, 'paid', '2023-07-26 23:18:17', '2018-02-12 02:49:09', '2023-09-13 11:32:08', '2023-09-13 11:32:08'),
(667, 811, 114, 'billed', '2014-11-21 02:15:02', NULL, '2023-09-13 11:32:08', '2023-09-13 11:32:08'),
(668, 363, 115, 'cancel', '2020-04-04 05:17:22', NULL, '2023-09-13 11:32:08', '2023-09-13 11:32:08'),
(669, 294, 115, 'cancel', '2018-09-07 08:31:42', NULL, '2023-09-13 11:32:08', '2023-09-13 11:32:08'),
(670, 866, 115, 'billed', '2018-09-15 18:59:19', NULL, '2023-09-13 11:32:08', '2023-09-13 11:32:08'),
(671, 255, 116, 'paid', '2015-02-13 15:01:06', '2023-03-10 06:25:40', '2023-09-13 11:32:08', '2023-09-13 11:32:08'),
(672, 601, 116, 'billed', '2017-05-02 17:40:40', NULL, '2023-09-13 11:32:08', '2023-09-13 11:32:08'),
(673, 353, 116, 'paid', '2014-08-11 22:50:50', '2017-11-05 02:23:26', '2023-09-13 11:32:08', '2023-09-13 11:32:08'),
(674, 756, 117, 'billed', '2015-09-27 08:55:09', NULL, '2023-09-13 11:32:08', '2023-09-13 11:32:08'),
(675, 603, 117, 'paid', '2020-04-11 07:27:35', '2016-12-20 21:02:03', '2023-09-13 11:32:08', '2023-09-13 11:32:08'),
(676, 650, 117, 'cancel', '2016-04-29 11:30:50', NULL, '2023-09-13 11:32:08', '2023-09-13 11:32:08'),
(677, 258, 118, 'cancel', '2022-06-04 04:30:06', NULL, '2023-09-13 11:32:08', '2023-09-13 11:32:08'),
(678, 421, 118, 'paid', '2018-06-12 03:27:12', '2021-04-13 23:26:43', '2023-09-13 11:32:08', '2023-09-13 11:32:08'),
(679, 366, 118, 'paid', '2015-04-18 18:18:27', '2015-11-22 04:42:55', '2023-09-13 11:32:08', '2023-09-13 11:32:08'),
(680, 467, 119, 'paid', '2018-03-09 10:12:01', '2014-02-16 04:23:31', '2023-09-13 11:32:08', '2023-09-13 11:32:08'),
(681, 253, 119, 'paid', '2015-08-15 06:36:36', '2020-03-01 06:03:17', '2023-09-13 11:32:08', '2023-09-13 11:32:08'),
(682, 386, 119, 'cancel', '2017-12-07 20:17:09', NULL, '2023-09-13 11:32:08', '2023-09-13 11:32:08'),
(683, 869, 120, 'paid', '2017-04-02 09:26:41', '2016-02-18 06:24:22', '2023-09-13 11:32:08', '2023-09-13 11:32:08'),
(684, 446, 120, 'billed', '2021-05-10 11:55:21', NULL, '2023-09-13 11:32:08', '2023-09-13 11:32:08'),
(685, 538, 120, 'billed', '2015-02-23 18:34:39', NULL, '2023-09-13 11:32:08', '2023-09-13 11:32:08'),
(686, 605, 121, 'cancel', '2018-12-04 04:54:20', NULL, '2023-09-13 11:32:08', '2023-09-13 11:32:08'),
(687, 484, 121, 'paid', '2022-05-23 19:57:17', '2022-06-12 15:18:43', '2023-09-13 11:32:08', '2023-09-13 11:32:08'),
(688, 224, 121, 'billed', '2020-12-21 17:44:09', NULL, '2023-09-13 11:32:08', '2023-09-13 11:32:08'),
(689, 144, 122, 'cancel', '2013-10-15 03:03:14', NULL, '2023-09-13 11:32:08', '2023-09-13 11:32:08'),
(690, 502, 122, 'paid', '2018-06-04 16:14:16', '2020-08-19 03:47:44', '2023-09-13 11:32:08', '2023-09-13 11:32:08'),
(691, 842, 122, 'billed', '2023-04-09 11:52:50', NULL, '2023-09-13 11:32:08', '2023-09-13 11:32:08'),
(692, 101, 123, 'cancel', '2015-07-02 18:01:34', NULL, '2023-09-13 11:32:08', '2023-09-13 11:32:08'),
(693, 130, 123, 'cancel', '2022-03-27 21:51:43', NULL, '2023-09-13 11:32:08', '2023-09-13 11:32:08'),
(694, 957, 123, 'billed', '2016-10-15 00:08:10', NULL, '2023-09-13 11:32:08', '2023-09-13 11:32:08'),
(695, 268, 124, 'paid', '2023-07-12 21:15:02', '2019-08-19 10:10:47', '2023-09-13 11:32:08', '2023-09-13 11:32:08'),
(696, 824, 124, 'paid', '2016-05-30 09:52:32', '2015-03-27 17:51:51', '2023-09-13 11:32:08', '2023-09-13 11:32:08'),
(697, 578, 124, 'cancel', '2022-03-31 07:34:01', NULL, '2023-09-13 11:32:08', '2023-09-13 11:32:08'),
(698, 585, 125, 'cancel', '2015-12-19 00:18:03', NULL, '2023-09-13 11:32:08', '2023-09-13 11:32:08'),
(699, 1000, 125, 'paid', '2022-06-23 21:29:25', '2017-05-02 16:31:57', '2023-09-13 11:32:09', '2023-09-13 11:32:09'),
(700, 733, 125, 'billed', '2016-10-05 03:01:07', NULL, '2023-09-13 11:32:09', '2023-09-13 11:32:09');

-- --------------------------------------------------------

--
-- Structure de la table `migrations`
--

CREATE TABLE `migrations` (
  `id` int(10) UNSIGNED NOT NULL,
  `migration` varchar(255) NOT NULL,
  `batch` int(11) NOT NULL
) ENGINE=InnoDB DEFAULT CHARSET=utf8mb4 COLLATE=utf8mb4_unicode_ci;

--
-- Déchargement des données de la table `migrations`
--

INSERT INTO `migrations` (`id`, `migration`, `batch`) VALUES
(19, '2014_10_12_000000_create_users_table', 1),
(20, '2014_10_12_100000_create_password_reset_tokens_table', 1),
(21, '2019_08_19_000000_create_failed_jobs_table', 1),
(22, '2019_12_14_000001_create_personal_access_tokens_table', 1),
(23, '2023_09_13_100419_create_customers_table', 1),
(24, '2023_09_13_100433_create_invoices_table', 1);

-- --------------------------------------------------------

--
-- Structure de la table `password_reset_tokens`
--

CREATE TABLE `password_reset_tokens` (
  `email` varchar(255) NOT NULL,
  `token` varchar(255) NOT NULL,
  `created_at` timestamp NULL DEFAULT NULL
) ENGINE=InnoDB DEFAULT CHARSET=utf8mb4 COLLATE=utf8mb4_unicode_ci;

-- --------------------------------------------------------

--
-- Structure de la table `personal_access_tokens`
--

CREATE TABLE `personal_access_tokens` (
  `id` bigint(20) UNSIGNED NOT NULL,
  `tokenable_type` varchar(255) NOT NULL,
  `tokenable_id` bigint(20) UNSIGNED NOT NULL,
  `name` varchar(255) NOT NULL,
  `token` varchar(64) NOT NULL,
  `abilities` text DEFAULT NULL,
  `last_used_at` timestamp NULL DEFAULT NULL,
  `expires_at` timestamp NULL DEFAULT NULL,
  `created_at` timestamp NULL DEFAULT NULL,
  `updated_at` timestamp NULL DEFAULT NULL
) ENGINE=InnoDB DEFAULT CHARSET=utf8mb4 COLLATE=utf8mb4_unicode_ci;

-- --------------------------------------------------------

--
-- Structure de la table `users`
--

CREATE TABLE `users` (
  `id` bigint(20) UNSIGNED NOT NULL,
  `name` varchar(255) NOT NULL,
  `email` varchar(255) NOT NULL,
  `email_verified_at` timestamp NULL DEFAULT NULL,
  `password` varchar(255) NOT NULL,
  `remember_token` varchar(100) DEFAULT NULL,
  `created_at` timestamp NULL DEFAULT NULL,
  `updated_at` timestamp NULL DEFAULT NULL
) ENGINE=InnoDB DEFAULT CHARSET=utf8mb4 COLLATE=utf8mb4_unicode_ci;

--
-- Index pour les tables déchargées
--

--
-- Index pour la table `customers`
--
ALTER TABLE `customers`
  ADD PRIMARY KEY (`id`);

--
-- Index pour la table `failed_jobs`
--
ALTER TABLE `failed_jobs`
  ADD PRIMARY KEY (`id`),
  ADD UNIQUE KEY `failed_jobs_uuid_unique` (`uuid`);

--
-- Index pour la table `invoices`
--
ALTER TABLE `invoices`
  ADD PRIMARY KEY (`id`);

--
-- Index pour la table `migrations`
--
ALTER TABLE `migrations`
  ADD PRIMARY KEY (`id`);

--
-- Index pour la table `password_reset_tokens`
--
ALTER TABLE `password_reset_tokens`
  ADD PRIMARY KEY (`email`);

--
-- Index pour la table `personal_access_tokens`
--
ALTER TABLE `personal_access_tokens`
  ADD PRIMARY KEY (`id`),
  ADD UNIQUE KEY `personal_access_tokens_token_unique` (`token`),
  ADD KEY `personal_access_tokens_tokenable_type_tokenable_id_index` (`tokenable_type`,`tokenable_id`);

--
-- Index pour la table `users`
--
ALTER TABLE `users`
  ADD PRIMARY KEY (`id`),
  ADD UNIQUE KEY `users_email_unique` (`email`);

--
-- AUTO_INCREMENT pour les tables déchargées
--

--
-- AUTO_INCREMENT pour la table `customers`
--
ALTER TABLE `customers`
  MODIFY `id` bigint(20) UNSIGNED NOT NULL AUTO_INCREMENT, AUTO_INCREMENT=131;

--
-- AUTO_INCREMENT pour la table `failed_jobs`
--
ALTER TABLE `failed_jobs`
  MODIFY `id` bigint(20) UNSIGNED NOT NULL AUTO_INCREMENT;

--
-- AUTO_INCREMENT pour la table `invoices`
--
ALTER TABLE `invoices`
  MODIFY `id` bigint(20) UNSIGNED NOT NULL AUTO_INCREMENT, AUTO_INCREMENT=701;

--
-- AUTO_INCREMENT pour la table `migrations`
--
ALTER TABLE `migrations`
  MODIFY `id` int(10) UNSIGNED NOT NULL AUTO_INCREMENT, AUTO_INCREMENT=25;

--
-- AUTO_INCREMENT pour la table `personal_access_tokens`
--
ALTER TABLE `personal_access_tokens`
  MODIFY `id` bigint(20) UNSIGNED NOT NULL AUTO_INCREMENT;

--
-- AUTO_INCREMENT pour la table `users`
--
ALTER TABLE `users`
  MODIFY `id` bigint(20) UNSIGNED NOT NULL AUTO_INCREMENT;
COMMIT;

/*!40101 SET CHARACTER_SET_CLIENT=@OLD_CHARACTER_SET_CLIENT */;
/*!40101 SET CHARACTER_SET_RESULTS=@OLD_CHARACTER_SET_RESULTS */;
/*!40101 SET COLLATION_CONNECTION=@OLD_COLLATION_CONNECTION */;
